<?xml version="1.0" encoding="ISO-8859-15" standalone="no"?>
<uc-export clientvers="11.2.0+build.7957">
<FolderStruct>
<includeExternalObjects>0</includeExternalObjects>
<FOLD name="PCK.AUTOMIC_DEB" title="">
<VARA id="1636467" link="0" name="PCK.AUTOMIC_DEB.PUB.VAR.METADATA"/>
<FOLD name="ACTIONS" title="">
<FOLD name="PACKAGE_MANAGER" title="">
<FOLD name="DEB" title="">
<JOBP id="1636484" link="1" name="PCK.AUTOMIC_DEB.PUB.ACTION.INSTALL"/>
<JOBP id="1636486" link="1" name="PCK.AUTOMIC_DEB.PUB.ACTION.QUERY"/>
<JOBP id="1636488" link="1" name="PCK.AUTOMIC_DEB.PUB.ACTION.REMOVE"/>
</FOLD>
</FOLD>
</FOLD>
<FOLD name="CONFIG" title="">
<VARA id="1636472" link="0" name="PCK.AUTOMIC_DEB.PUB.PROMPT_EXTERNAL_MAP"/>
</FOLD>
<FOLD name="DOCUMENTATION" title="">
<DOCU id="1636473" link="0" name="PCK.AUTOMIC_DEB.PUB.DOC"/>
<DOCU id="1636474" link="0" name="PCK.AUTOMIC_DEB.PUB.LICENSES"/>
</FOLD>
<FOLD name="RESOURCES" title="">
<FOLD name="INTERPRETERS" title=""/>
<FOLD name="LIBS" title=""/>
<FOLD name="SCRIPTS" title=""/>
</FOLD>
<FOLD name="SOURCE" title="">
<FOLD name="INSTALL" title="">
<JOBP id="1636484" link="0" name="PCK.AUTOMIC_DEB.PUB.ACTION.INSTALL"/>
<FOLD name="INTERNAL" title="">
<FOLD name="INCLUDES" title=""/>
<FOLD name="JOBS" title="">
<JOBS_UNIX id="1636510" link="0" name="PCK.AUTOMIC_DEB.PRV.JOB.INSTALL@UNIX"/>
</FOLD>
<FOLD name="PROMPTSETS" title="">
<PRPT id="1636511" link="0" name="PCK.AUTOMIC_DEB.PRV.PROMPTSET.INSTALL"/>
</FOLD>
<FOLD name="ROLLBACK" title=""/>
<FOLD name="VARIABLES" title=""/>
</FOLD>
</FOLD>
<FOLD name="QUERY" title="">
<JOBP id="1636486" link="0" name="PCK.AUTOMIC_DEB.PUB.ACTION.QUERY"/>
<FOLD name="INTERNAL" title="">
<FOLD name="INCLUDES" title=""/>
<FOLD name="JOBS" title="">
<JOBS_UNIX id="1636512" link="0" name="PCK.AUTOMIC_DEB.PRV.JOB.QUERY@UNIX"/>
</FOLD>
<FOLD name="PROMPTSETS" title="">
<PRPT id="1636513" link="0" name="PCK.AUTOMIC_DEB.PRV.PROMPTSET.QUERY"/>
</FOLD>
<FOLD name="ROLLBACK" title=""/>
<FOLD name="VARIABLES" title=""/>
</FOLD>
</FOLD>
<FOLD name="REMOVE" title="">
<JOBP id="1636488" link="0" name="PCK.AUTOMIC_DEB.PUB.ACTION.REMOVE"/>
<FOLD name="INTERNAL" title="">
<FOLD name="INCLUDES" title=""/>
<FOLD name="JOBS" title="">
<JOBS_UNIX id="1636514" link="0" name="PCK.AUTOMIC_DEB.PRV.JOB.REMOVE@UNIX"/>
</FOLD>
<FOLD name="PROMPTSETS" title="">
<PRPT id="1636515" link="0" name="PCK.AUTOMIC_DEB.PRV.PROMPTSET.REMOVE"/>
</FOLD>
<FOLD name="ROLLBACK" title=""/>
<FOLD name="VARIABLES" title=""/>
</FOLD>
</FOLD>
<FOLD name="SHARED" title="">
<VARA id="1636493" link="0" name="UC4_RV.PM_DEB.SEARCH_CRITERIA"/>
<FOLD name="INCLUDES" title=""/>
<FOLD name="JOBS" title=""/>
<FOLD name="PROMPTSETS" title=""/>
<FOLD name="ROLLBACK" title=""/>
<FOLD name="VARIABLES" title=""/>
</FOLD>
</FOLD>
<FOLD name="TEMPLATES" title=""/>
</FOLD>
</FolderStruct>
<VARA OVD_VRName="FREI" data_type="STATIC" name="PCK.AUTOMIC_DEB.PUB.VAR.METADATA" replacementmode="2">
<HEADER state="1">
<Title/>
<ArchiveKey1/>
<ArchiveKey2/>
<OH_SubType>STATIC</OH_SubType>
</HEADER>
<ATTR_VARA state="1">
<Type>C|Text</Type>
<lblSource>Static</lblSource>
<source>STATIC</source>
<VRName>FREI|Freely selected</VRName>
<NotFoundErr>0</NotFoundErr>
<NotFoundDef>1</NotFoundDef>
<ShareN>0</ShareN>
<ShareL>0</ShareL>
<ShareR>0</ShareR>
<MaxValue_C>1024</MaxValue_C>
<CheckMax_C>0</CheckMax_C>
<uppercase>0</uppercase>
<sortColumn>0</sortColumn>
<sortDirection>0</sortDirection>
</ATTR_VARA>
<VARA state="1">
<Variables>
<row Name="Categories" Value="Package manager" Value1="" Value2="" Value3="" Value4=""/>
<row Name="Company" Value="Automic Software GmbH" Value1="" Value2="" Value3="" Value4=""/>
<row Name="Dependencies" Value="PCK.ITPA_SHARED ~&gt; 1.1" Value1="" Value2="" Value3="" Value4=""/>
<row Name="Description" Value="These actions are used for executing Debian package related commands on a system using the dpkg tool." Value1="" Value2="" Value3="" Value4=""/>
<row Name="Homepage" Value="www.automic.com" Value1="" Value2="" Value3="" Value4=""/>
<row Name="License" Value="" Value1="" Value2="" Value3="" Value4=""/>
<row Name="Name" Value="PCK.AUTOMIC_DEB" Value1="" Value2="" Value3="" Value4=""/>
<row Name="Package Format Version" Value="0.2.0" Value1="" Value2="" Value3="" Value4=""/>
<row Name="Title" Value="Debian Package Manager" Value1="" Value2="" Value3="" Value4=""/>
<row Name="Version" Value="1.0.1" Value1="" Value2="" Value3="" Value4=""/>
<row Name="Build Number" Value="1471" Value1="" Value2="" Value3="" Value4=""/>
</Variables>
</VARA>
<DOCU_Docu state="1" type="text">
<DOC/>
</DOCU_Docu>
</VARA>
<VARA OVD_VRName="FREI" data_type="STATIC" name="PCK.AUTOMIC_DEB.PUB.PROMPT_EXTERNAL_MAP" replacementmode="2">
<HEADER state="1">
<Title/>
<ArchiveKey1/>
<ArchiveKey2/>
<OH_SubType>STATIC</OH_SubType>
</HEADER>
<ATTR_VARA state="1">
<Type>C|Text</Type>
<lblSource>Static</lblSource>
<source>STATIC</source>
<VRName>FREI|Freely selected</VRName>
<NotFoundErr>0</NotFoundErr>
<NotFoundDef>1</NotFoundDef>
<ShareN>0</ShareN>
<ShareL>0</ShareL>
<ShareR>0</ShareR>
<MaxValue_C>1024</MaxValue_C>
<CheckMax_C>0</CheckMax_C>
<uppercase>0</uppercase>
<sortColumn>0</sortColumn>
<sortDirection>0</sortDirection>
</ATTR_VARA>
<VARA state="1">
<Variables>
<row Name="PCK.AUTOMIC_DEB.PUB.ACTION.INSTALL/AGENT#" Value="&amp;AGENT#" Value1="" Value2="" Value3="" Value4=""/>
<row Name="PCK.AUTOMIC_DEB.PUB.ACTION.INSTALL/LOGIN#" Value="&amp;LOGIN#" Value1="" Value2="" Value3="" Value4=""/>
<row Name="PCK.AUTOMIC_DEB.PUB.ACTION.QUERY/AGENT#" Value="&amp;AGENT#" Value1="" Value2="" Value3="" Value4=""/>
<row Name="PCK.AUTOMIC_DEB.PUB.ACTION.QUERY/LOGIN#" Value="&amp;LOGIN#" Value1="" Value2="" Value3="" Value4=""/>
<row Name="PCK.AUTOMIC_DEB.PUB.ACTION.REMOVE/AGENT#" Value="&amp;AGENT#" Value1="" Value2="" Value3="" Value4=""/>
<row Name="PCK.AUTOMIC_DEB.PUB.ACTION.REMOVE/LOGIN#" Value="&amp;LOGIN#" Value1="" Value2="" Value3="" Value4=""/>
</Variables>
</VARA>
<DOCU_Docu state="1" type="text">
<DOC/>
</DOCU_Docu>
</VARA>
<DOCU name="PCK.AUTOMIC_DEB.PUB.DOC">
<HEADER state="1">
<Title/>
<ArchiveKey1/>
<ArchiveKey2/>
<OH_SubType/>
</HEADER>
<DOCU_Docu state="1" type="text">
<DOC><![CDATA[These actions manipulate debian packages on your system using the dpkg tool.

=Rollback=

The actions getting some system information don't need rollbacks, because they do not change the state of your system. Such a method is QUERY.

Actions potentially changing the state of your system (INSTALL, REMOVE) do not have rollbacks defined yet.

]]></DOC>
</DOCU_Docu>
</DOCU>
<DOCU name="PCK.AUTOMIC_DEB.PUB.LICENSES">
<HEADER state="1">
<Title/>
<ArchiveKey1/>
<ArchiveKey2/>
<OH_SubType/>
</HEADER>
<DOCU_Docu state="1" type="text">
<DOC/>
</DOCU_Docu>
</DOCU>
<JOBP AllowExternal="1" name="PCK.AUTOMIC_DEB.PUB.ACTION.INSTALL">
<XHEADER state="1">
<Title>Install DEB Package</Title>
<ArchiveKey1/>
<ArchiveKey2/>
<Active>1</Active>
<OH_SubType/>
<CustomAttributes KeyListID="0" dataRequestID="0"/>
</XHEADER>
<SYNCREF state="1">
<Syncs/>
</SYNCREF>
<ATTR_JOBP state="1">
<Queue>CLIENT_QUEUE</Queue>
<ChildQueue>*OWN</ChildQueue>
<StartType/>
<ExtRepDef>1</ExtRepDef>
<ExtRepAll>0</ExtRepAll>
<ExtRepNone>0</ExtRepNone>
<IntAccount/>
<AutoDeactNo>0</AutoDeactNo>
<AutoDeact1ErrorFree>0</AutoDeact1ErrorFree>
<AutoDeactErrorFree>1</AutoDeactErrorFree>
<DeactWhen>ANY_OK</DeactWhen>
<AutoDeactAlways>0</AutoDeactAlways>
<DeactDelay>0</DeactDelay>
<ActAtRun>1</ActAtRun>
<UC4Priority>0</UC4Priority>
<MaxParallel2>0</MaxParallel2>
<ReuseHG>1</ReuseHG>
<MpElse1>1</MpElse1>
<MpElse2>0</MpElse2>
<TZ/>
<RWhen/>
<RExecute/>
<JPA_SubType/>
</ATTR_JOBP>
<JOBP state="1">
<JobpStruct mode="design">
<task Alias="" BranchType="0" Col="1" Lnr="1" OType="&lt;START&gt;" Object="START" ParentAlias="" ParentObject="" Row="2" Text2="">
<checkpoint RollbackFlag="0" RunPerPatch="0" RunPerTarget="0" TcpADays="0" TcpATime="00:00" TcpATimeTZ="" TcpExecute="" TcpOn="0" promptatgen="0" showprompt="0"/>
<after ActFlg="1" AtimOn="0" ErlstStDays="0" ErlstStTime="00:00" ErlstStTimeTZ="" HoldFlg="0"/>
<when ChkWhenExec="0" LtstEnd="0" LtstEndDays="0" LtstEndTime="00:00" LtstSt="0" LtstStDays="0" LtstStTime="00:00" LtstTimeTZ="" WCTypeAND="1" WCTypeOR="0" WElseA="0" WElseH="0" WElseS="1" WElseX="0" WhenExecute="" WtimOn="0"/>
<preconditions>
<PreCon>
<conditions id="CONDITIONS"/>
</PreCon>
</preconditions>
<predecessors/>
<runtime MrtCancel="0" MrtDays="0" MrtErt="0" MrtExecute="0" MrtExecuteObj="" MrtFix="0" MrtMethodDate="0" MrtMethodErt="0" MrtMethodFix="0" MrtMethodNone="1" MrtOn="1" MrtTZ="" MrtTime="00:00" SrtErt="0" SrtFix="0" SrtMethodErt="0" SrtMethodFix="0" SrtMethodNone="1"/>
<result ChkRExec="0" RElseHalt="0" RElseIgn="0" RElseJPAbend="0" RExecFlag="0" RExecute="" RRepMTimes="0" RRepOn="0" RRepWait="0" RWhen=""/>
<dynvalues>
<dyntree>
<node content="1" id="PCK.AUTOMIC_DEB.PRV.PROMPTSET.INSTALL" name="PCK.AUTOMIC_DEB.PRV.PROMPTSET.INSTALL" parent="PPRPTS" type="PPROMPTSET">
<PROMPTSET name="PCK.AUTOMIC_DEB.PRV.PROMPTSET.INSTALL">
<PRPTBOX promptset="PCK.AUTOMIC_DEB.PRV.PROMPTSET.INSTALL">
<UC4RB_DEB_ADMIN_DIRs.00 ReadFromTable="OPSE" altview="0" haslist="0" msginsert="" msgnr="" promptname="UC4RB_DEB_ADMIN_DIR#" promptsetname="PCK.AUTOMIC_DEB.PRV.PROMPTSET.INSTALL"/>
<UC4RB_DEB_FAIL_IF_INSTALLEDs.00 ReadFromTable="OPSE" altview="0" haslist="0" msginsert="" msgnr="" promptname="UC4RB_DEB_FAIL_IF_INSTALLED#" promptsetname="PCK.AUTOMIC_DEB.PRV.PROMPTSET.INSTALL">NO</UC4RB_DEB_FAIL_IF_INSTALLEDs.00>
<UC4RB_DEB_IGNORE_PKG_DEPSs.00 ReadFromTable="OPSE" altview="0" haslist="0" msginsert="" msgnr="" promptname="UC4RB_DEB_IGNORE_PKG_DEPS#" promptsetname="PCK.AUTOMIC_DEB.PRV.PROMPTSET.INSTALL"/>
<UC4RB_DEB_IGNORE_SIGN_CHECKs.00 ReadFromTable="OPSE" altview="0" haslist="0" msginsert="" msgnr="" promptname="UC4RB_DEB_IGNORE_SIGN_CHECK#" promptsetname="PCK.AUTOMIC_DEB.PRV.PROMPTSET.INSTALL">NO</UC4RB_DEB_IGNORE_SIGN_CHECKs.00>
<UC4RB_DEB_INSTALL_DIRs.00 ReadFromTable="OPSE" altview="0" haslist="0" msginsert="" msgnr="" promptname="UC4RB_DEB_INSTALL_DIR#" promptsetname="PCK.AUTOMIC_DEB.PRV.PROMPTSET.INSTALL"/>
<UC4RB_DEB_PACKAGEs.00 ReadFromTable="OPSE" altview="0" haslist="0" msginsert="" msgnr="" promptname="UC4RB_DEB_PACKAGE#" promptsetname="PCK.AUTOMIC_DEB.PRV.PROMPTSET.INSTALL"/>
<UC4RB_DEB_RECURSIVEs.00 ReadFromTable="OPSE" altview="0" haslist="0" msginsert="" msgnr="" promptname="UC4RB_DEB_RECURSIVE#" promptsetname="PCK.AUTOMIC_DEB.PRV.PROMPTSET.INSTALL">NO</UC4RB_DEB_RECURSIVEs.00>
<UC4RB_DEB_SKIP_SAME_VERSIONs.00 ReadFromTable="OPSE" altview="0" haslist="0" msginsert="" msgnr="" promptname="UC4RB_DEB_SKIP_SAME_VERSION#" promptsetname="PCK.AUTOMIC_DEB.PRV.PROMPTSET.INSTALL">NO</UC4RB_DEB_SKIP_SAME_VERSIONs.00>
<UC4RB_SUDO_PASSWORDs.00 ReadFromTable="OPSE" altview="0" haslist="0" msginsert="" msgnr="" promptname="UC4RB_SUDO_PASSWORD#" promptsetname="PCK.AUTOMIC_DEB.PRV.PROMPTSET.INSTALL"/>
</PRPTBOX>
</PROMPTSET>
</node>
<node content="1" id="PCK.ITPA_SHARED.PRV.PROMPTSET.OVERWRITE_AGENT" name="PCK.ITPA_SHARED.PRV.PROMPTSET.OVERWRITE_AGENT" parent="PPRPTS" type="PPROMPTSET">
<PROMPTSET name="PCK.ITPA_SHARED.PRV.PROMPTSET.OVERWRITE_AGENT">
<PRPTBOX promptset="PCK.ITPA_SHARED.PRV.PROMPTSET.OVERWRITE_AGENT">
<AGENTs.00 ReadFromTable="OPSE" altview="0" haslist="0" msginsert="" msgnr="" promptname="AGENT#" promptsetname="PCK.ITPA_SHARED.PRV.PROMPTSET.OVERWRITE_AGENT"/>
<LOGINs.00 ReadFromTable="OPSE" altview="0" haslist="0" msginsert="" msgnr="" promptname="LOGIN#" promptsetname="PCK.ITPA_SHARED.PRV.PROMPTSET.OVERWRITE_AGENT"/>
</PRPTBOX>
</PROMPTSET>
</node>
</dyntree>
</dynvalues>
<CIT/>
<calendars CCTypeAll="0" CCTypeExt="0" CCTypeNone="0" CCTypeOne="1" CaleOn="0"/>
<postconditions>
<PostCon>
<conditions id="CONDITIONS"/>
</PostCon>
</postconditions>
</task>
<task Alias="" BranchType="0" Col="2" Lnr="2" OType="JOBS" Object="PCK.AUTOMIC_DEB.PRV.JOB.INSTALL@UNIX" ParentAlias="" ParentObject="" Row="2" Text2="">
<checkpoint RollbackFlag="1" RunPerPatch="0" RunPerTarget="0" TcpADays="0" TcpATime="00:00" TcpATimeTZ="" TcpExecute="" TcpOn="0" promptatgen="0" showprompt="0"/>
<after ActFlg="1" AtimOn="0" ErlstStDays="0" ErlstStTime="00:00" ErlstStTimeTZ="" HoldFlg="0"/>
<when ChkWhenExec="0" LtstEnd="0" LtstEndDays="0" LtstEndTime="00:00" LtstSt="0" LtstStDays="0" LtstStTime="00:00" LtstTimeTZ="" WCTypeAND="1" WCTypeOR="0" WElseA="1" WElseH="0" WElseS="0" WElseX="0" WhenExecute="" WtimOn="0"/>
<preconditions>
<PreCon>
<conditions id="CONDITIONS"/>
</PreCon>
</preconditions>
<predecessors>
<pre BranchType="0" Lnr="1" PreLnr="1" When="ANY_OK" type="container"/>
</predecessors>
<runtime MrtCancel="0" MrtDays="0" MrtErt="0" MrtExecute="0" MrtExecuteObj="" MrtFix="0" MrtMethodDate="0" MrtMethodErt="0" MrtMethodFix="0" MrtMethodNone="1" MrtOn="1" MrtTZ="" MrtTime="00:00" SrtErt="0" SrtFix="0" SrtMethodErt="0" SrtMethodFix="0" SrtMethodNone="1"/>
<result ChkRExec="0" RElseHalt="0" RElseIgn="0" RElseJPAbend="0" RExecFlag="0" RExecute="" RRepMTimes="0" RRepOn="0" RRepWait="0" RWhen=""/>
<dynvalues>
<dyntree>
<node content="1" id="VALUE" name="Variables" parent="" type="TASKVALUE">
<VALUE state="2">
<Values/>
<Mode>0</Mode>
</VALUE>
</node>
<node content="1" id="PVALUE" name="Parent Variables" parent="" type="TASKVALUE">
<VALUE state="2">
<Values/>
<Mode>0</Mode>
</VALUE>
</node>
<node content="1" id="PRPTS" name="PromptSets" parent="" pref="1" type="PROMPTSET"/>
<node content="0" id="PPRPTS" name="Parent PromptSets" parent="" type="PPROMPTSET"/>
<node content="1" id="PCK.AUTOMIC_DEB.PRV.PROMPTSET.INSTALL" name="PCK.AUTOMIC_DEB.PRV.PROMPTSET.INSTALL" parent="PPRPTS" type="PPROMPTSET">
<PROMPTSET name="PCK.AUTOMIC_DEB.PRV.PROMPTSET.INSTALL">
<PRPTBOX promptset="PCK.AUTOMIC_DEB.PRV.PROMPTSET.INSTALL">
<UC4RB_DEB_ADMIN_DIRs.00 ReadFromTable="OPSE" altview="0" haslist="0" msginsert="" msgnr="" promptname="UC4RB_DEB_ADMIN_DIR#" promptsetname="PCK.AUTOMIC_DEB.PRV.PROMPTSET.INSTALL"/>
<UC4RB_DEB_FAIL_IF_INSTALLEDs.00 ReadFromTable="OPSE" altview="0" haslist="0" msginsert="" msgnr="" promptname="UC4RB_DEB_FAIL_IF_INSTALLED#" promptsetname="PCK.AUTOMIC_DEB.PRV.PROMPTSET.INSTALL">NO</UC4RB_DEB_FAIL_IF_INSTALLEDs.00>
<UC4RB_DEB_IGNORE_PKG_DEPSs.00 ReadFromTable="OPSE" altview="0" haslist="0" msginsert="" msgnr="" promptname="UC4RB_DEB_IGNORE_PKG_DEPS#" promptsetname="PCK.AUTOMIC_DEB.PRV.PROMPTSET.INSTALL"/>
<UC4RB_DEB_IGNORE_SIGN_CHECKs.00 ReadFromTable="OPSE" altview="0" haslist="0" msginsert="" msgnr="" promptname="UC4RB_DEB_IGNORE_SIGN_CHECK#" promptsetname="PCK.AUTOMIC_DEB.PRV.PROMPTSET.INSTALL">NO</UC4RB_DEB_IGNORE_SIGN_CHECKs.00>
<UC4RB_DEB_INSTALL_DIRs.00 ReadFromTable="OPSE" altview="0" haslist="0" msginsert="" msgnr="" promptname="UC4RB_DEB_INSTALL_DIR#" promptsetname="PCK.AUTOMIC_DEB.PRV.PROMPTSET.INSTALL"/>
<UC4RB_DEB_PACKAGEs.00 ReadFromTable="OPSE" altview="0" haslist="0" msginsert="" msgnr="" promptname="UC4RB_DEB_PACKAGE#" promptsetname="PCK.AUTOMIC_DEB.PRV.PROMPTSET.INSTALL"/>
<UC4RB_DEB_RECURSIVEs.00 ReadFromTable="OPSE" altview="0" haslist="0" msginsert="" msgnr="" promptname="UC4RB_DEB_RECURSIVE#" promptsetname="PCK.AUTOMIC_DEB.PRV.PROMPTSET.INSTALL">NO</UC4RB_DEB_RECURSIVEs.00>
<UC4RB_DEB_SKIP_SAME_VERSIONs.00 ReadFromTable="OPSE" altview="0" haslist="0" msginsert="" msgnr="" promptname="UC4RB_DEB_SKIP_SAME_VERSION#" promptsetname="PCK.AUTOMIC_DEB.PRV.PROMPTSET.INSTALL">NO</UC4RB_DEB_SKIP_SAME_VERSIONs.00>
<UC4RB_SUDO_PASSWORDs.00 ReadFromTable="OPSE" altview="0" haslist="0" msginsert="" msgnr="" promptname="UC4RB_SUDO_PASSWORD#" promptsetname="PCK.AUTOMIC_DEB.PRV.PROMPTSET.INSTALL"/>
</PRPTBOX>
</PROMPTSET>
</node>
<node content="1" id="PCK.ITPA_SHARED.PRV.PROMPTSET.OVERWRITE_AGENT" name="PCK.ITPA_SHARED.PRV.PROMPTSET.OVERWRITE_AGENT" parent="PPRPTS" type="PPROMPTSET">
<PROMPTSET name="PCK.ITPA_SHARED.PRV.PROMPTSET.OVERWRITE_AGENT">
<PRPTBOX promptset="PCK.ITPA_SHARED.PRV.PROMPTSET.OVERWRITE_AGENT">
<AGENTs.00 ReadFromTable="OPSE" altview="0" haslist="0" msginsert="" msgnr="" promptname="AGENT#" promptsetname="PCK.ITPA_SHARED.PRV.PROMPTSET.OVERWRITE_AGENT"/>
<LOGINs.00 ReadFromTable="OPSE" altview="0" haslist="0" msginsert="" msgnr="" promptname="LOGIN#" promptsetname="PCK.ITPA_SHARED.PRV.PROMPTSET.OVERWRITE_AGENT"/>
</PRPTBOX>
</PROMPTSET>
</node>
</dyntree>
</dynvalues>
<CIT/>
<calendars CCTypeAll="0" CCTypeExt="0" CCTypeNone="0" CCTypeOne="1" CaleOn="0"/>
<postconditions>
<PostCon>
<conditions id="CONDITIONS"/>
</PostCon>
</postconditions>
</task>
<task Alias="" BranchType="0" Col="3" Lnr="3" OType="&lt;END&gt;" Object="END" ParentAlias="" ParentObject="" Row="2" Text2="">
<checkpoint RollbackFlag="0" RunPerPatch="0" RunPerTarget="0" TcpADays="0" TcpATime="00:00" TcpATimeTZ="" TcpExecute="" TcpOn="0" promptatgen="0" showprompt="0"/>
<after ActFlg="1" AtimOn="0" ErlstStDays="0" ErlstStTime="00:00" ErlstStTimeTZ="" HoldFlg="0"/>
<when ChkWhenExec="0" LtstEnd="0" LtstEndDays="0" LtstEndTime="00:00" LtstSt="0" LtstStDays="0" LtstStTime="00:00" LtstTimeTZ="" WCTypeAND="1" WCTypeOR="0" WElseA="1" WElseH="0" WElseS="0" WElseX="0" WhenExecute="" WtimOn="0"/>
<preconditions>
<PreCon>
<conditions id="CONDITIONS"/>
</PreCon>
</preconditions>
<predecessors>
<pre BranchType="0" Lnr="1" PreLnr="2" When="ANY_OK" type="container"/>
</predecessors>
<runtime MrtCancel="0" MrtDays="0" MrtErt="0" MrtExecute="0" MrtExecuteObj="" MrtFix="0" MrtMethodDate="0" MrtMethodErt="0" MrtMethodFix="0" MrtMethodNone="1" MrtOn="1" MrtTZ="" MrtTime="00:00" SrtErt="0" SrtFix="0" SrtMethodErt="0" SrtMethodFix="0" SrtMethodNone="1"/>
<result ChkRExec="0" RElseHalt="0" RElseIgn="0" RElseJPAbend="0" RExecFlag="0" RExecute="" RRepMTimes="0" RRepOn="0" RRepWait="0" RWhen=""/>
<dynvalues>
<dyntree>
<node content="1" id="PCK.AUTOMIC_DEB.PRV.PROMPTSET.INSTALL" name="PCK.AUTOMIC_DEB.PRV.PROMPTSET.INSTALL" parent="PPRPTS" type="PPROMPTSET">
<PROMPTSET name="PCK.AUTOMIC_DEB.PRV.PROMPTSET.INSTALL">
<PRPTBOX promptset="PCK.AUTOMIC_DEB.PRV.PROMPTSET.INSTALL">
<UC4RB_DEB_ADMIN_DIRs.00 ReadFromTable="OPSE" altview="0" haslist="0" msginsert="" msgnr="" promptname="UC4RB_DEB_ADMIN_DIR#" promptsetname="PCK.AUTOMIC_DEB.PRV.PROMPTSET.INSTALL"/>
<UC4RB_DEB_FAIL_IF_INSTALLEDs.00 ReadFromTable="OPSE" altview="0" haslist="0" msginsert="" msgnr="" promptname="UC4RB_DEB_FAIL_IF_INSTALLED#" promptsetname="PCK.AUTOMIC_DEB.PRV.PROMPTSET.INSTALL">NO</UC4RB_DEB_FAIL_IF_INSTALLEDs.00>
<UC4RB_DEB_IGNORE_PKG_DEPSs.00 ReadFromTable="OPSE" altview="0" haslist="0" msginsert="" msgnr="" promptname="UC4RB_DEB_IGNORE_PKG_DEPS#" promptsetname="PCK.AUTOMIC_DEB.PRV.PROMPTSET.INSTALL"/>
<UC4RB_DEB_IGNORE_SIGN_CHECKs.00 ReadFromTable="OPSE" altview="0" haslist="0" msginsert="" msgnr="" promptname="UC4RB_DEB_IGNORE_SIGN_CHECK#" promptsetname="PCK.AUTOMIC_DEB.PRV.PROMPTSET.INSTALL">NO</UC4RB_DEB_IGNORE_SIGN_CHECKs.00>
<UC4RB_DEB_INSTALL_DIRs.00 ReadFromTable="OPSE" altview="0" haslist="0" msginsert="" msgnr="" promptname="UC4RB_DEB_INSTALL_DIR#" promptsetname="PCK.AUTOMIC_DEB.PRV.PROMPTSET.INSTALL"/>
<UC4RB_DEB_PACKAGEs.00 ReadFromTable="OPSE" altview="0" haslist="0" msginsert="" msgnr="" promptname="UC4RB_DEB_PACKAGE#" promptsetname="PCK.AUTOMIC_DEB.PRV.PROMPTSET.INSTALL"/>
<UC4RB_DEB_RECURSIVEs.00 ReadFromTable="OPSE" altview="0" haslist="0" msginsert="" msgnr="" promptname="UC4RB_DEB_RECURSIVE#" promptsetname="PCK.AUTOMIC_DEB.PRV.PROMPTSET.INSTALL">NO</UC4RB_DEB_RECURSIVEs.00>
<UC4RB_DEB_SKIP_SAME_VERSIONs.00 ReadFromTable="OPSE" altview="0" haslist="0" msginsert="" msgnr="" promptname="UC4RB_DEB_SKIP_SAME_VERSION#" promptsetname="PCK.AUTOMIC_DEB.PRV.PROMPTSET.INSTALL">NO</UC4RB_DEB_SKIP_SAME_VERSIONs.00>
<UC4RB_SUDO_PASSWORDs.00 ReadFromTable="OPSE" altview="0" haslist="0" msginsert="" msgnr="" promptname="UC4RB_SUDO_PASSWORD#" promptsetname="PCK.AUTOMIC_DEB.PRV.PROMPTSET.INSTALL"/>
</PRPTBOX>
</PROMPTSET>
</node>
<node content="1" id="PCK.ITPA_SHARED.PRV.PROMPTSET.OVERWRITE_AGENT" name="PCK.ITPA_SHARED.PRV.PROMPTSET.OVERWRITE_AGENT" parent="PPRPTS" type="PPROMPTSET">
<PROMPTSET name="PCK.ITPA_SHARED.PRV.PROMPTSET.OVERWRITE_AGENT">
<PRPTBOX promptset="PCK.ITPA_SHARED.PRV.PROMPTSET.OVERWRITE_AGENT">
<AGENTs.00 ReadFromTable="OPSE" altview="0" haslist="0" msginsert="" msgnr="" promptname="AGENT#" promptsetname="PCK.ITPA_SHARED.PRV.PROMPTSET.OVERWRITE_AGENT"/>
<LOGINs.00 ReadFromTable="OPSE" altview="0" haslist="0" msginsert="" msgnr="" promptname="LOGIN#" promptsetname="PCK.ITPA_SHARED.PRV.PROMPTSET.OVERWRITE_AGENT"/>
</PRPTBOX>
</PROMPTSET>
</node>
</dyntree>
</dynvalues>
<CIT/>
<calendars CCTypeAll="0" CCTypeExt="0" CCTypeNone="0" CCTypeOne="1" CaleOn="0"/>
<postconditions>
<PostCon>
<conditions id="CONDITIONS"/>
</PostCon>
</postconditions>
</task>
<OPTIONS/>
</JobpStruct>
</JOBP>
<RUNTIME state="1">
<MaxRetCode>0</MaxRetCode>
<MrcExecute/>
<MrcElseE>0</MrcElseE>
<FcstStatus>0| |</FcstStatus>
<Ert>0</Ert>
<ErtMethodDef>1</ErtMethodDef>
<ErtMethodFix>0</ErtMethodFix>
<ErtFix>0</ErtFix>
<ErtDynMethod>2|Average</ErtDynMethod>
<ErtMethodDyn>0</ErtMethodDyn>
<ErtCnt>0</ErtCnt>
<ErtCorr>0</ErtCorr>
<ErtIgn>0</ErtIgn>
<ErtIgnFlg>0</ErtIgnFlg>
<ErtMinCnt>0</ErtMinCnt>
<MrtMethodNone>1</MrtMethodNone>
<MrtMethodFix>0</MrtMethodFix>
<MrtFix>0</MrtFix>
<MrtMethodErt>0</MrtMethodErt>
<MrtErt>0</MrtErt>
<MrtMethodDate>0</MrtMethodDate>
<MrtDays>0</MrtDays>
<MrtTime>00:00</MrtTime>
<MrtTZ/>
<SrtMethodNone>1</SrtMethodNone>
<SrtMethodFix>0</SrtMethodFix>
<SrtFix>0</SrtFix>
<SrtMethodErt>0</SrtMethodErt>
<SrtErt>0</SrtErt>
<MrtCancel>0</MrtCancel>
<MrtExecute>0</MrtExecute>
<MrtExecuteObj/>
</RUNTIME>
<DYNVALUES state="1">
<dyntree>
<node content="1" id="VALUE" name="Variables" parent="" type="VALUE">
<VALUE state="1">
<Values/>
<Mode>0</Mode>
</VALUE>
</node>
<node content="1" id="PCK.AUTOMIC_DEB.PRV.PROMPTSET.INSTALL" name="PCK.AUTOMIC_DEB.PRV.PROMPTSET.INSTALL" parent="PRPTS" type="PROMPTSET">
<PROMPTSET name="PCK.AUTOMIC_DEB.PRV.PROMPTSET.INSTALL" ontop="1">
<PRPTBOX promptset="PCK.AUTOMIC_DEB.PRV.PROMPTSET.INSTALL" prptmode="1"/>
</PROMPTSET>
</node>
<node content="1" id="PCK.ITPA_SHARED.PRV.PROMPTSET.OVERWRITE_AGENT" name="PCK.ITPA_SHARED.PRV.PROMPTSET.OVERWRITE_AGENT" parent="PRPTS" type="PROMPTSET">
<PROMPTSET name="PCK.ITPA_SHARED.PRV.PROMPTSET.OVERWRITE_AGENT" ontop="1">
<PRPTBOX promptset="PCK.ITPA_SHARED.PRV.PROMPTSET.OVERWRITE_AGENT" prptmode="1"/>
</PROMPTSET>
</node>
</dyntree>
</DYNVALUES>
<DEPLOYMENT state="1">
<DeploymentFlag>0</DeploymentFlag>
<WFTypeA>1</WFTypeA>
<WFTypeC>0</WFTypeC>
<AppName/>
<WFName/>
<ComponentName/>
</DEPLOYMENT>
<ROLLBACK state="1">
<RollbackFlag>0</RollbackFlag>
<CBackupObj/>
<CRollbackObj/>
<FBackupPath/>
<FDeleteBefore>0</FDeleteBefore>
<FInclSubDirs>0</FInclSubDirs>
</ROLLBACK>
<SCRIPT mode="1" state="1">
<MSCRI/>
</SCRIPT>
<DOCU_Docu state="1" type="text">
<DOC><![CDATA[Installs a debian package. This action is a wrapper around the dpkg-tool.

]]></DOC>
</DOCU_Docu>
</JOBP>
<JOBS_UNIX AttrType="UNIX" name="PCK.AUTOMIC_DEB.PRV.JOB.INSTALL@UNIX">
<XHEADER state="1">
<Title/>
<ArchiveKey1/>
<ArchiveKey2/>
<Active>1</Active>
<OH_SubType/>
<CustomAttributes KeyListID="0" dataRequestID="0"/>
</XHEADER>
<OUTPUTREG state="1">
<FileReg/>
</OUTPUTREG>
<SYNCREF state="1">
<Syncs/>
</SYNCREF>
<ATTR_JOBS state="1">
<Queue>CLIENT_QUEUE</Queue>
<StartType/>
<HostDst>|&lt;UNIX&gt;|HOST</HostDst>
<HostATTR_Type>UNIX</HostATTR_Type>
<CodeName/>
<Login/>
<IntAccount/>
<ExtRepDef>1</ExtRepDef>
<ExtRepAll>0</ExtRepAll>
<ExtRepNone>0</ExtRepNone>
<AutoDeactNo>0</AutoDeactNo>
<AutoDeact1ErrorFree>0</AutoDeact1ErrorFree>
<AutoDeactErrorFree>1</AutoDeactErrorFree>
<DeactWhen>ANY_OK</DeactWhen>
<DeactDelay>0</DeactDelay>
<AutoDeactAlways>0</AutoDeactAlways>
<AttDialog>0</AttDialog>
<ActAtRun>1</ActAtRun>
<Consumption>0</Consumption>
<UC4Priority>0</UC4Priority>
<MaxParallel2>0</MaxParallel2>
<MpElse1>1</MpElse1>
<MpElse2>0</MpElse2>
<TZ/>
</ATTR_JOBS>
<ATTR_UNIX state="1">
<OutputDb>1</OutputDb>
<OutputDbErr>0</OutputDbErr>
<OutputFile>0</OutputFile>
<ShellScript>1</ShellScript>
<Command>0</Command>
<Priority>0</Priority>
<Shell>sh</Shell>
<ShellOptions/>
<Com/>
</ATTR_UNIX>
<RUNTIME state="1">
<MaxRetCode>0</MaxRetCode>
<MrcExecute/>
<MrcElseE>0</MrcElseE>
<FcstStatus>0| |</FcstStatus>
<Ert>0</Ert>
<ErtMethodDef>1</ErtMethodDef>
<ErtMethodFix>0</ErtMethodFix>
<ErtFix>0</ErtFix>
<ErtDynMethod>2|Average</ErtDynMethod>
<ErtMethodDyn>0</ErtMethodDyn>
<ErtCnt>0</ErtCnt>
<ErtCorr>0</ErtCorr>
<ErtIgn>0</ErtIgn>
<ErtIgnFlg>0</ErtIgnFlg>
<ErtMinCnt>0</ErtMinCnt>
<MrtMethodNone>1</MrtMethodNone>
<MrtMethodFix>0</MrtMethodFix>
<MrtFix>0</MrtFix>
<MrtMethodErt>0</MrtMethodErt>
<MrtErt>0</MrtErt>
<MrtMethodDate>0</MrtMethodDate>
<MrtDays>0</MrtDays>
<MrtTime>00:00</MrtTime>
<MrtTZ/>
<SrtMethodNone>1</SrtMethodNone>
<SrtMethodFix>0</SrtMethodFix>
<SrtFix>0</SrtFix>
<SrtMethodErt>0</SrtMethodErt>
<SrtErt>0</SrtErt>
<MrtCancel>0</MrtCancel>
<MrtExecute>0</MrtExecute>
<MrtExecuteObj/>
</RUNTIME>
<DYNVALUES state="1">
<dyntree>
<node content="1" id="VALUE" name="Variables" parent="" type="VALUE">
<VALUE state="1">
<Values/>
<Mode>0</Mode>
</VALUE>
</node>
</dyntree>
</DYNVALUES>
<ROLLBACK state="1">
<RollbackFlag>0</RollbackFlag>
<CBackupObj/>
<CRollbackObj/>
<FBackupPath/>
<FDeleteBefore>0</FDeleteBefore>
<FInclSubDirs>0</FInclSubDirs>
</ROLLBACK>
<PRE_SCRIPT mode="1" replacementmode="1" state="1">
<PSCRI><![CDATA[:INCLUDE PCK.ITPA_SHARED.PRV.INCLUDE.PREPARE_JOB]]></PSCRI>
</PRE_SCRIPT>
<SCRIPT mode="1" state="1">
<MSCRI><![CDATA[:INCLUDE PCK.ITPA_SHARED.PUB.INCLUDE.ATTACH
:INCLUDE PCK.ITPA_SHARED.PRV.INCLUDE.SUDO_EXECUTION

:set &R# = ""
:if &UC4RB_DEB_RECURSIVE# = "YES"
:  set &R# = "-R"
:endif

:set &instdir# = ""
:if &UC4RB_DEB_INSTALL_DIR# <> ""
:  set &instdir# = str_cat("--instdir=", &UC4RB_DEB_INSTALL_DIR#)
:endif

:set &admindir# = ""
:if &UC4RB_DEB_ADMIN_DIR# <> ""
:  set &admindir# = str_cat("--admindir=", &UC4RB_DEB_ADMIN_DIR#)
:endif

:set &nosig# = ""
:if &UC4RB_DEB_IGNORE_SIGN_CHECK# = "YES"
:  set &nosig# = "--no-debsig"
:endif

:set &nodeps# = ""
:if &UC4RB_DEB_IGNORE_PKG_DEPS# <> ""
:  set &nodeps# = str_cat("--ignore-depends=", &UC4RB_DEB_IGNORE_PKG_DEPS#)
:endif

:set &E# = ""
:IF &UC4RB_DEB_SKIP_SAME_VERSION# = "YES"
:  set &E# = "-E"
:ENDIF

export LC_ALL=C

count=0
installed=1
:SET &UC4RB_DEB_PACKAGE# = STR_TRIM("&UC4RB_DEB_PACKAGE#")
installPackages="&UC4RB_DEB_PACKAGE#"
!Check if install multiple package (split by space)
case "$installPackages" in
*" "*)
!Install multiple, not do anything
;;
*)
!Check is directory
if [ -d $installPackages ];
then
  echo "$installPackages is directory, install recursive!"
  installPackages=$installPackages"/*.deb"
fi
;;
esac
for i in $installPackages;do
  count=`expr $count + 1`
: if &UC4RB_DEB_FAIL_IF_INSTALLED# = "YES"
      name=`dpkg-deb -f "$i" Package`
      version=`dpkg-deb -f $i Version`
      if dpkg -s $name | awk "/Version: $version/"'{v=1} /Status:.* installed.*/ {s=1} END {exit (v &&&& s)}';then
        installed=0
      fi
: endif
done

:if &UC4RB_DEB_FAIL_IF_INSTALLED# = "YES"
  if [ $installed -eq 1 ]; then
    echo "All packages already installed."
    exit 1
  fi
:endif

pipe=/tmp/debinst.$$.&$ACTIVATOR_RUNID#
mkfifo $pipe
:INCLUDE PCK.ITPA_SHARED.PRV.INCLUDE.CHECK_SHELL_CMD@UNIX

dpkg 9>$pipe --status-fd 9 &R# &E# &instdir# &admindir# &nosig# &nodeps# -i &UC4RB_DEB_PACKAGE# & awk <$pipe "
  BEGIN {
    installed = 0
  }
  /status: .*: installed/ {installed++}
  /status: .* : error : dependency/ {exit 2}
  END {
!Fix lacking count 'status: man-db: installed' line <---start
    if (installed == ($count + 1)) exit 0; exit 3
  }"
!Fix lacking count 'status: man-db: installed' line --->end
rc=$?
rm $pipe
exit $rc]]></MSCRI>
</SCRIPT>
<OUTPUTSCAN state="1">
<Inherit>N</Inherit>
<filterobjects/>
<HostFsc/>
<LoginFsc/>
</OUTPUTSCAN>
<POST_SCRIPT mode="1" replacementmode="1" state="1">
<OSCRI/>
</POST_SCRIPT>
<DOCU_Docu state="1" type="text">
<DOC/>
</DOCU_Docu>
</JOBS_UNIX>
<PRPT name="PCK.AUTOMIC_DEB.PRV.PROMPTSET.INSTALL">
<HEADER state="1">
<Title/>
<ArchiveKey1/>
<ArchiveKey2/>
<OH_SubType/>
</HEADER>
<PROMPTDESIGNER state="1">
<DESIGNER/>
</PROMPTDESIGNER>
<PROMPTSETXUI state="1">
<XUIEDITOR><![CDATA[<dialog height="506" icon="PRPT" id="PRPTS" left="279" top="4" width="420"><readpanel fill="b" id="PRPTBOX" nl="1" scroll="v" text="Parameters"><properties><entry name="text">Parameters</entry><entry name="modifiable">0</entry></properties><text enabled="1" fill="b" focus="0" id="UC4RB_DEB_PACKAGEs.00" inputassistance="0" len="" nl="1" regex="" separator=";" showaspassword="0" text="DEB package" tooltip="Name of the deb package or file to install. The file name may contain also a path. Following entries are e.g. valid:        package.deb        /path/to/package.deb" upper="0" required="0" alt="1" multiline="0" multilineIcon="0"><oninputassistant><command request="_internal" target="_view" targetaction="setAttribute" targetparam="promptname|@id"/><command request="_internal" target="_view" targetaction="setAttribute" targetparam="promptvalue|@value"/><command owner="_promptsetcontainer" owneraction="getData" request="getpromptinputassistance" target="_chainwindow"/></oninputassistant><properties><entry listparam="C" name="reference" reftype="STATIC">UC_DATATYPE_STRING</entry><entry name="text">DEB package</entry><entry name="multiselect">0</entry><entry name="separator">;</entry><entry name="len"/><entry name="quotes"/><entry name="id">UC4RB_DEB_PACKAGEs.00</entry><entry name="inputassistance">0</entry><entry name="enabled">0</entry><entry name="upper">0</entry><entry name="focus">0</entry><entry name="showaspassword">0</entry><entry name="tooltip">Name of the deb package or file to install. The file name may contain also a path. Following entries are e.g. valid:

    package.deb

    /path/to/package.deb</entry><entry name="customfield"/><entry name="modifiable">1</entry><entry name="regex"/><entry name="required">1</entry><entry name="initvalue"/><entry name="xmlkey"/><entry name="xmlpath"/><entry name="multiline">0</entry><entry name="multilineIcon">0</entry><entry name="onchangereset"/><entry name="resetable">1</entry></properties></text><dynradiogroup enabled="1" fill="b" focus="0" id="UC4RB_DEB_FAIL_IF_INSTALLEDs.00" nl="1" quotes="" text="Fail if installed" tooltip="Fails, if the package with the same version is already installed." alt="1" required="0"><properties><entry listparam="C" name="reference" reftype="STATIC">PCK.ITPA_SHARED.PRV.VARA.YES_NO</entry><entry name="text">Fail if installed</entry><entry name="quotes"/><entry name="id">UC4RB_DEB_FAIL_IF_INSTALLEDs.00</entry><entry name="enabled">0</entry><entry name="focus">0</entry><entry name="tooltip">Fails, if the package with the same version is already installed.</entry><entry name="customfield"/><entry name="modifiable">1</entry><entry name="initvalue"/><entry name="xmlkey"/><entry name="xmlpath"/></properties></dynradiogroup><dynradiogroup enabled="1" fill="b" focus="0" id="UC4RB_DEB_RECURSIVEs.00" nl="1" quotes="" text="Recursive install" tooltip="Recursively handle all regular files matching pattern *.deb found at specified directories and all of its subdirectories. This can be used with -i, -A, --install,    --unpack and --avail actions." alt="1" required="0"><properties><entry listparam="C" name="reference" reftype="STATIC">PCK.ITPA_SHARED.PRV.VARA.YES_NO</entry><entry name="text">Recursive install</entry><entry name="quotes"/><entry name="id">UC4RB_DEB_RECURSIVEs.00</entry><entry name="enabled">0</entry><entry name="focus">0</entry><entry name="tooltip">Recursively handle all regular files matching pattern *.deb found at specified directories and all of its subdirectories. This can be used with -i, -A, --install,

--unpack and --avail actions.</entry><entry name="customfield"/><entry name="modifiable">1</entry><entry name="initvalue"/><entry name="xmlkey"/><entry name="xmlpath"/></properties></dynradiogroup><text enabled="1" fill="b" focus="0" id="UC4RB_DEB_INSTALL_DIRs.00" inputassistance="0" len="" nl="1" regex="" required="0" separator=";" showaspassword="0" text="Install directory" tooltip="Change default installation directory which refers to the directory where packages are to be installed. instdir is also the directory passed to chroot(2) before running packages installation scripts, which means that the scripts see instdir as a root directory. (Defaults to /) The option --instdir=dir is only generated if the parameter is not empty." upper="0" alt="1" multiline="0" multilineIcon="0"><oninputassistant><command request="_internal" target="_view" targetaction="setAttribute" targetparam="promptname|@id"/><command request="_internal" target="_view" targetaction="setAttribute" targetparam="promptvalue|@value"/><command owner="_promptsetcontainer" owneraction="getData" request="getpromptinputassistance" target="_chainwindow"/></oninputassistant><properties><entry listparam="C" name="reference" reftype="STATIC">UC_DATATYPE_STRING</entry><entry name="text">Install directory</entry><entry name="multiselect">0</entry><entry name="separator">;</entry><entry name="len"/><entry name="quotes"/><entry name="id">UC4RB_DEB_INSTALL_DIRs.00</entry><entry name="inputassistance">0</entry><entry name="enabled">0</entry><entry name="upper">0</entry><entry name="focus">0</entry><entry name="showaspassword">0</entry><entry name="tooltip">Change default installation directory which refers to the directory where packages are to be installed. instdir is also the directory passed to chroot(2) before running packages installation scripts, which means that the scripts see instdir as a root directory. (Defaults to /) The option --instdir=dir is only generated if the parameter is not empty.</entry><entry name="customfield"/><entry name="modifiable">1</entry><entry name="regex"/><entry name="required">0</entry><entry name="initvalue"/><entry name="xmlkey"/><entry name="xmlpath"/><entry name="multiline">0</entry><entry name="multilineIcon">0</entry><entry name="onchangereset"/><entry name="resetable">1</entry></properties></text><text enabled="1" fill="b" focus="0" id="UC4RB_DEB_ADMIN_DIRs.00" inputassistance="0" len="" nl="1" regex="" required="0" separator=";" showaspassword="0" text="Package administrative directory" tooltip="Change default administrative directory, which contains many files that give information about status of installed or uninstalled packages, etc. (Defaults to /var/lib/dpkg). The option --admindir=dir is only generated if the parameter is not empty." upper="0" alt="1" multiline="0" multilineIcon="0"><oninputassistant><command request="_internal" target="_view" targetaction="setAttribute" targetparam="promptname|@id"/><command request="_internal" target="_view" targetaction="setAttribute" targetparam="promptvalue|@value"/><command owner="_promptsetcontainer" owneraction="getData" request="getpromptinputassistance" target="_chainwindow"/></oninputassistant><properties><entry listparam="C" name="reference" reftype="STATIC">UC_DATATYPE_STRING</entry><entry name="text">Package administrative directory</entry><entry name="multiselect">0</entry><entry name="separator">;</entry><entry name="len"/><entry name="quotes"/><entry name="id">UC4RB_DEB_ADMIN_DIRs.00</entry><entry name="inputassistance">0</entry><entry name="enabled">0</entry><entry name="upper">0</entry><entry name="focus">0</entry><entry name="showaspassword">0</entry><entry name="tooltip">Change default administrative directory, which contains many files that give information about status of installed or uninstalled packages, etc. (Defaults to /var/lib/dpkg). The option --admindir=dir is only generated if the parameter is not empty.</entry><entry name="customfield"/><entry name="modifiable">1</entry><entry name="regex"/><entry name="required">0</entry><entry name="initvalue"/><entry name="xmlkey"/><entry name="xmlpath"/><entry name="multiline">0</entry><entry name="multilineIcon">0</entry><entry name="onchangereset"/><entry name="resetable">1</entry></properties></text><dynradiogroup enabled="1" fill="b" focus="0" id="UC4RB_DEB_IGNORE_SIGN_CHECKs.00" nl="1" quotes="" text="Ignore package signature check" tooltip="Do not try to verify package signatures. Uses the ----no-debsig flag if parameter set to yes." alt="1" required="0"><properties><entry listparam="C" name="reference" reftype="STATIC">PCK.ITPA_SHARED.PRV.VARA.YES_NO</entry><entry name="text">Ignore package signature check</entry><entry name="quotes"/><entry name="id">UC4RB_DEB_IGNORE_SIGN_CHECKs.00</entry><entry name="enabled">0</entry><entry name="focus">0</entry><entry name="tooltip">Do not try to verify package signatures. Uses the ----no-debsig flag if parameter set to yes.</entry><entry name="customfield"/><entry name="modifiable">1</entry><entry name="initvalue"/><entry name="xmlkey"/><entry name="xmlpath"/></properties></dynradiogroup><text enabled="1" fill="b" focus="0" id="UC4RB_DEB_IGNORE_PKG_DEPSs.00" inputassistance="0" len="" nl="1" regex="" required="0" separator=";" showaspassword="0" text="Ignore depends package list" tooltip="Ignore dependency-checking for specified packages (actually, checking is performed, but only warnings about conflicts are given, nothing else). The option --ignore-depends=package,... is only generated if the parameter is not empty." upper="0" alt="1" multiline="0" multilineIcon="0"><oninputassistant><command request="_internal" target="_view" targetaction="setAttribute" targetparam="promptname|@id"/><command request="_internal" target="_view" targetaction="setAttribute" targetparam="promptvalue|@value"/><command owner="_promptsetcontainer" owneraction="getData" request="getpromptinputassistance" target="_chainwindow"/></oninputassistant><properties><entry listparam="C" name="reference" reftype="STATIC">UC_DATATYPE_STRING</entry><entry name="text">Ignore depends package list</entry><entry name="multiselect">0</entry><entry name="separator">;</entry><entry name="len"/><entry name="quotes"/><entry name="id">UC4RB_DEB_IGNORE_PKG_DEPSs.00</entry><entry name="inputassistance">0</entry><entry name="enabled">0</entry><entry name="upper">0</entry><entry name="focus">0</entry><entry name="showaspassword">0</entry><entry name="tooltip">Ignore dependency-checking for specified packages (actually, checking is performed, but only warnings about conflicts are given, nothing else). The option --ignore-depends=package,... is only generated if the parameter is not empty.</entry><entry name="customfield"/><entry name="modifiable">1</entry><entry name="regex"/><entry name="required">0</entry><entry name="initvalue"/><entry name="xmlkey"/><entry name="xmlpath"/><entry name="multiline">0</entry><entry name="multilineIcon">0</entry><entry name="onchangereset"/><entry name="resetable">1</entry></properties></text><dynradiogroup enabled="1" fill="b" focus="0" id="UC4RB_DEB_SKIP_SAME_VERSIONs.00" nl="1" quotes="" text="Skip package install with same version" tooltip="Don&apos;t install the package if the same version of thepackage is already installed. The option --skip-same-version is only generated if the parameter is set to yes." alt="1" required="0"><properties><entry listparam="C" name="reference" reftype="STATIC">PCK.ITPA_SHARED.PRV.VARA.YES_NO</entry><entry name="text">Skip package install with same version</entry><entry name="quotes"/><entry name="id">UC4RB_DEB_SKIP_SAME_VERSIONs.00</entry><entry name="enabled">0</entry><entry name="focus">0</entry><entry name="tooltip">Don&apos;t install the package if the same version of thepackage is already installed. The option --skip-same-version is only generated if the parameter is set to yes.</entry><entry name="customfield"/><entry name="modifiable">1</entry><entry name="initvalue"/><entry name="xmlkey"/><entry name="xmlpath"/></properties></dynradiogroup><text enabled="1" fill="b" focus="0" id="UC4RB_SUDO_PASSWORDs.00" inputassistance="0" len="" nl="1" regex="" required="0" separator=";" showaspassword="1" text="Sudo password" tooltip="Sudo password." upper="0" alt="1" multiline="0" multilineIcon="0"><oninputassistant><command request="_internal" target="_view" targetaction="setAttribute" targetparam="promptname|@id"/><command request="_internal" target="_view" targetaction="setAttribute" targetparam="promptvalue|@value"/><command owner="_promptsetcontainer" owneraction="getData" request="getpromptinputassistance" target="_chainwindow"/></oninputassistant><properties><entry listparam="C" name="reference" reftype="STATIC">UC_DATATYPE_STRING</entry><entry name="text">Sudo password</entry><entry name="multiselect">0</entry><entry name="separator">;</entry><entry name="len"/><entry name="quotes"/><entry name="id">UC4RB_SUDO_PASSWORDs.00</entry><entry name="inputassistance">0</entry><entry name="enabled">0</entry><entry name="upper">0</entry><entry name="focus">0</entry><entry name="showaspassword">1</entry><entry name="tooltip">Sudo password.</entry><entry name="customfield"/><entry name="modifiable">1</entry><entry name="regex"/><entry name="required">0</entry><entry name="initvalue"/><entry name="xmlkey"/><entry name="xmlpath"/><entry name="multiline">0</entry><entry name="multilineIcon">0</entry><entry name="onchangereset"/><entry name="resetable">1</entry></properties></text></readpanel></dialog>]]></XUIEDITOR>
</PROMPTSETXUI>
<PROMPTSETDATA state="1">
<DATAEDITOR><![CDATA[<PRPTS ontop="1"><PRPTBOX><UC4RB_DEB_PACKAGEs.00 haslist="0" msgnr="-1" msginsert="" altview="0" promptname="UC4RB_DEB_PACKAGE#" ReadFromTable="OPSE"></UC4RB_DEB_PACKAGEs.00><UC4RB_DEB_FAIL_IF_INSTALLEDs.00 haslist="0" msgnr="-1" msginsert="" altview="0" promptname="UC4RB_DEB_FAIL_IF_INSTALLED#" ReadFromTable="OPSE">NO</UC4RB_DEB_FAIL_IF_INSTALLEDs.00><UC4RB_DEB_RECURSIVEs.00 haslist="0" msgnr="-1" msginsert="" altview="0" promptname="UC4RB_DEB_RECURSIVE#" ReadFromTable="OPSE">NO</UC4RB_DEB_RECURSIVEs.00><UC4RB_DEB_INSTALL_DIRs.00 haslist="0" msgnr="-1" msginsert="" altview="0" promptname="UC4RB_DEB_INSTALL_DIR#" ReadFromTable="OPSE"></UC4RB_DEB_INSTALL_DIRs.00><UC4RB_DEB_ADMIN_DIRs.00 haslist="0" msgnr="-1" msginsert="" altview="0" promptname="UC4RB_DEB_ADMIN_DIR#" ReadFromTable="OPSE"></UC4RB_DEB_ADMIN_DIRs.00><UC4RB_DEB_IGNORE_SIGN_CHECKs.00 haslist="0" msgnr="-1" msginsert="" altview="0" promptname="UC4RB_DEB_IGNORE_SIGN_CHECK#" ReadFromTable="OPSE">NO</UC4RB_DEB_IGNORE_SIGN_CHECKs.00><UC4RB_DEB_IGNORE_PKG_DEPSs.00 haslist="0" msgnr="-1" msginsert="" altview="0" promptname="UC4RB_DEB_IGNORE_PKG_DEPS#" ReadFromTable="OPSE"></UC4RB_DEB_IGNORE_PKG_DEPSs.00><UC4RB_DEB_SKIP_SAME_VERSIONs.00 haslist="0" msgnr="-1" msginsert="" altview="0" promptname="UC4RB_DEB_SKIP_SAME_VERSION#" ReadFromTable="OPSE">NO</UC4RB_DEB_SKIP_SAME_VERSIONs.00><UC4RB_SUDO_PASSWORDs.00 haslist="0" msgnr="-1" msginsert="" altview="0" promptname="UC4RB_SUDO_PASSWORD#" ReadFromTable="OPSE"></UC4RB_SUDO_PASSWORDs.00></PRPTBOX></PRPTS>]]></DATAEDITOR>
</PROMPTSETDATA>
<DOCU_Docu state="1" type="text">
<DOC/>
</DOCU_Docu>
</PRPT>
<JOBP AllowExternal="1" name="PCK.AUTOMIC_DEB.PUB.ACTION.QUERY">
<XHEADER state="1">
<Title>Query for DEB Package</Title>
<ArchiveKey1/>
<ArchiveKey2/>
<Active>1</Active>
<OH_SubType/>
<CustomAttributes KeyListID="0" dataRequestID="0"/>
</XHEADER>
<SYNCREF state="1">
<Syncs/>
</SYNCREF>
<ATTR_JOBP state="1">
<Queue>CLIENT_QUEUE</Queue>
<ChildQueue>*OWN</ChildQueue>
<StartType/>
<ExtRepDef>1</ExtRepDef>
<ExtRepAll>0</ExtRepAll>
<ExtRepNone>0</ExtRepNone>
<IntAccount/>
<AutoDeactNo>0</AutoDeactNo>
<AutoDeact1ErrorFree>0</AutoDeact1ErrorFree>
<AutoDeactErrorFree>1</AutoDeactErrorFree>
<DeactWhen>ANY_OK</DeactWhen>
<AutoDeactAlways>0</AutoDeactAlways>
<DeactDelay>0</DeactDelay>
<ActAtRun>1</ActAtRun>
<UC4Priority>0</UC4Priority>
<MaxParallel2>0</MaxParallel2>
<ReuseHG>1</ReuseHG>
<MpElse1>1</MpElse1>
<MpElse2>0</MpElse2>
<TZ/>
<RWhen/>
<RExecute/>
<JPA_SubType/>
</ATTR_JOBP>
<JOBP state="1">
<JobpStruct mode="design">
<task Alias="" BranchType="0" Col="1" Lnr="1" OType="&lt;START&gt;" Object="START" ParentAlias="" ParentObject="" Row="2" Text2="">
<checkpoint RollbackFlag="0" RunPerPatch="0" RunPerTarget="0" TcpADays="0" TcpATime="00:00" TcpATimeTZ="" TcpExecute="" TcpOn="0" promptatgen="0" showprompt="0"/>
<after ActFlg="1" AtimOn="0" ErlstStDays="0" ErlstStTime="00:00" ErlstStTimeTZ="" HoldFlg="0"/>
<when ChkWhenExec="0" LtstEnd="0" LtstEndDays="0" LtstEndTime="00:00" LtstSt="0" LtstStDays="0" LtstStTime="00:00" LtstTimeTZ="" WCTypeAND="1" WCTypeOR="0" WElseA="0" WElseH="0" WElseS="1" WElseX="0" WhenExecute="" WtimOn="0"/>
<preconditions>
<PreCon>
<conditions id="CONDITIONS"/>
</PreCon>
</preconditions>
<predecessors/>
<runtime MrtCancel="0" MrtDays="0" MrtErt="0" MrtExecute="0" MrtExecuteObj="" MrtFix="0" MrtMethodDate="0" MrtMethodErt="0" MrtMethodFix="0" MrtMethodNone="1" MrtOn="1" MrtTZ="" MrtTime="00:00" SrtErt="0" SrtFix="0" SrtMethodErt="0" SrtMethodFix="0" SrtMethodNone="1"/>
<result ChkRExec="0" RElseHalt="0" RElseIgn="0" RElseJPAbend="0" RExecFlag="0" RExecute="" RRepMTimes="0" RRepOn="0" RRepWait="0" RWhen=""/>
<dynvalues>
<dyntree>
<node content="1" id="PCK.AUTOMIC_DEB.PRV.PROMPTSET.QUERY" name="PCK.AUTOMIC_DEB.PRV.PROMPTSET.QUERY" parent="PPRPTS" type="PPROMPTSET">
<PROMPTSET name="PCK.AUTOMIC_DEB.PRV.PROMPTSET.QUERY">
<PRPTBOX promptset="PCK.AUTOMIC_DEB.PRV.PROMPTSET.QUERY">
<UC4RB_FORMAT_PACKAGE_OUTPUTs.00 ReadFromTable="OPSE" altview="0" haslist="0" msginsert="" msgnr="" promptname="UC4RB_FORMAT_PACKAGE_OUTPUT#" promptsetname="PCK.AUTOMIC_DEB.PRV.PROMPTSET.QUERY"/>
<UC4RB_SEARCH_BY_NAMEs.00 ReadFromTable="OPSE" altview="0" haslist="0" msginsert="" msgnr="" promptname="UC4RB_SEARCH_BY_NAME#" promptsetname="PCK.AUTOMIC_DEB.PRV.PROMPTSET.QUERY"/>
<UC4RB_SEARCH_CRITERIAs.00 ReadFromTable="OPSE" altview="0" haslist="0" msginsert="" msgnr="" promptname="UC4RB_SEARCH_CRITERIA#" promptsetname="PCK.AUTOMIC_DEB.PRV.PROMPTSET.QUERY">list packages</UC4RB_SEARCH_CRITERIAs.00>
</PRPTBOX>
</PROMPTSET>
</node>
<node content="1" id="PCK.ITPA_SHARED.PRV.PROMPTSET.OVERWRITE_AGENT" name="PCK.ITPA_SHARED.PRV.PROMPTSET.OVERWRITE_AGENT" parent="PPRPTS" type="PPROMPTSET">
<PROMPTSET name="PCK.ITPA_SHARED.PRV.PROMPTSET.OVERWRITE_AGENT">
<PRPTBOX promptset="PCK.ITPA_SHARED.PRV.PROMPTSET.OVERWRITE_AGENT">
<AGENTs.00 ReadFromTable="OPSE" altview="0" haslist="0" msginsert="" msgnr="" promptname="AGENT#" promptsetname="PCK.ITPA_SHARED.PRV.PROMPTSET.OVERWRITE_AGENT"/>
<LOGINs.00 ReadFromTable="OPSE" altview="0" haslist="0" msginsert="" msgnr="" promptname="LOGIN#" promptsetname="PCK.ITPA_SHARED.PRV.PROMPTSET.OVERWRITE_AGENT"/>
</PRPTBOX>
</PROMPTSET>
</node>
</dyntree>
</dynvalues>
<CIT/>
<calendars CCTypeAll="0" CCTypeExt="0" CCTypeNone="0" CCTypeOne="1" CaleOn="0"/>
<postconditions>
<PostCon>
<conditions id="CONDITIONS"/>
</PostCon>
</postconditions>
</task>
<task Alias="" BranchType="0" Col="2" Lnr="2" OType="JOBS" Object="PCK.AUTOMIC_DEB.PRV.JOB.QUERY@UNIX" ParentAlias="" ParentObject="" Row="2" Text2="">
<checkpoint RollbackFlag="1" RunPerPatch="0" RunPerTarget="0" TcpADays="0" TcpATime="00:00" TcpATimeTZ="" TcpExecute="" TcpOn="0" promptatgen="0" showprompt="0"/>
<after ActFlg="1" AtimOn="0" ErlstStDays="0" ErlstStTime="00:00" ErlstStTimeTZ="" HoldFlg="0"/>
<when ChkWhenExec="0" LtstEnd="0" LtstEndDays="0" LtstEndTime="00:00" LtstSt="0" LtstStDays="0" LtstStTime="00:00" LtstTimeTZ="" WCTypeAND="1" WCTypeOR="0" WElseA="1" WElseH="0" WElseS="0" WElseX="0" WhenExecute="" WtimOn="0"/>
<preconditions>
<PreCon>
<conditions id="CONDITIONS"/>
</PreCon>
</preconditions>
<predecessors>
<pre BranchType="0" Lnr="1" PreLnr="1" When="ANY_OK" type="container"/>
</predecessors>
<runtime MrtCancel="0" MrtDays="0" MrtErt="0" MrtExecute="0" MrtExecuteObj="" MrtFix="0" MrtMethodDate="0" MrtMethodErt="0" MrtMethodFix="0" MrtMethodNone="1" MrtOn="1" MrtTZ="" MrtTime="00:00" SrtErt="0" SrtFix="0" SrtMethodErt="0" SrtMethodFix="0" SrtMethodNone="1"/>
<result ChkRExec="0" RElseHalt="0" RElseIgn="0" RElseJPAbend="0" RExecFlag="0" RExecute="" RRepMTimes="0" RRepOn="0" RRepWait="0" RWhen=""/>
<dynvalues>
<dyntree>
<node content="1" id="VALUE" name="Variables" parent="" type="TASKVALUE">
<VALUE state="2">
<Values/>
<Mode>0</Mode>
</VALUE>
</node>
<node content="1" id="PVALUE" name="Parent Variables" parent="" type="TASKVALUE">
<VALUE state="2">
<Values>
<row ERTUsage="0" Mod="0" Name="&amp;UC4RB_OUT_DEB_QUERY#" Value=""/>
</Values>
<Mode>0</Mode>
</VALUE>
</node>
<node content="1" id="PRPTS" name="PromptSets" parent="" pref="1" type="PROMPTSET"/>
<node content="0" id="PPRPTS" name="Parent PromptSets" parent="" type="PPROMPTSET"/>
<node content="1" id="PCK.AUTOMIC_DEB.PRV.PROMPTSET.QUERY" name="PCK.AUTOMIC_DEB.PRV.PROMPTSET.QUERY" parent="PPRPTS" type="PPROMPTSET">
<PROMPTSET name="PCK.AUTOMIC_DEB.PRV.PROMPTSET.QUERY">
<PRPTBOX promptset="PCK.AUTOMIC_DEB.PRV.PROMPTSET.QUERY">
<UC4RB_FORMAT_PACKAGE_OUTPUTs.00 ReadFromTable="OPSE" altview="0" haslist="0" msginsert="" msgnr="" promptname="UC4RB_FORMAT_PACKAGE_OUTPUT#" promptsetname="PCK.AUTOMIC_DEB.PRV.PROMPTSET.QUERY"/>
<UC4RB_SEARCH_BY_NAMEs.00 ReadFromTable="OPSE" altview="0" haslist="0" msginsert="" msgnr="" promptname="UC4RB_SEARCH_BY_NAME#" promptsetname="PCK.AUTOMIC_DEB.PRV.PROMPTSET.QUERY"/>
<UC4RB_SEARCH_CRITERIAs.00 ReadFromTable="OPSE" altview="0" haslist="0" msginsert="" msgnr="" promptname="UC4RB_SEARCH_CRITERIA#" promptsetname="PCK.AUTOMIC_DEB.PRV.PROMPTSET.QUERY">list packages</UC4RB_SEARCH_CRITERIAs.00>
</PRPTBOX>
</PROMPTSET>
</node>
<node content="1" id="PCK.ITPA_SHARED.PRV.PROMPTSET.OVERWRITE_AGENT" name="PCK.ITPA_SHARED.PRV.PROMPTSET.OVERWRITE_AGENT" parent="PPRPTS" type="PPROMPTSET">
<PROMPTSET name="PCK.ITPA_SHARED.PRV.PROMPTSET.OVERWRITE_AGENT">
<PRPTBOX promptset="PCK.ITPA_SHARED.PRV.PROMPTSET.OVERWRITE_AGENT">
<AGENTs.00 ReadFromTable="OPSE" altview="0" haslist="0" msginsert="" msgnr="" promptname="AGENT#" promptsetname="PCK.ITPA_SHARED.PRV.PROMPTSET.OVERWRITE_AGENT"/>
<LOGINs.00 ReadFromTable="OPSE" altview="0" haslist="0" msginsert="" msgnr="" promptname="LOGIN#" promptsetname="PCK.ITPA_SHARED.PRV.PROMPTSET.OVERWRITE_AGENT"/>
</PRPTBOX>
</PROMPTSET>
</node>
</dyntree>
</dynvalues>
<CIT/>
<calendars CCTypeAll="0" CCTypeExt="0" CCTypeNone="0" CCTypeOne="1" CaleOn="0"/>
<postconditions>
<PostCon>
<conditions id="CONDITIONS"/>
</PostCon>
</postconditions>
</task>
<task Alias="" BranchType="0" Col="3" Lnr="3" OType="&lt;END&gt;" Object="END" ParentAlias="" ParentObject="" Row="2" Text2="">
<checkpoint RollbackFlag="0" RunPerPatch="0" RunPerTarget="0" TcpADays="0" TcpATime="00:00" TcpATimeTZ="" TcpExecute="" TcpOn="0" promptatgen="0" showprompt="0"/>
<after ActFlg="1" AtimOn="0" ErlstStDays="0" ErlstStTime="00:00" ErlstStTimeTZ="" HoldFlg="0"/>
<when ChkWhenExec="0" LtstEnd="0" LtstEndDays="0" LtstEndTime="00:00" LtstSt="0" LtstStDays="0" LtstStTime="00:00" LtstTimeTZ="" WCTypeAND="1" WCTypeOR="0" WElseA="1" WElseH="0" WElseS="0" WElseX="0" WhenExecute="" WtimOn="0"/>
<preconditions>
<PreCon>
<conditions id="CONDITIONS"/>
</PreCon>
</preconditions>
<predecessors>
<pre BranchType="0" Lnr="1" PreLnr="2" When="ANY_OK" type="container"/>
</predecessors>
<runtime MrtCancel="0" MrtDays="0" MrtErt="0" MrtExecute="0" MrtExecuteObj="" MrtFix="0" MrtMethodDate="0" MrtMethodErt="0" MrtMethodFix="0" MrtMethodNone="1" MrtOn="1" MrtTZ="" MrtTime="00:00" SrtErt="0" SrtFix="0" SrtMethodErt="0" SrtMethodFix="0" SrtMethodNone="1"/>
<result ChkRExec="0" RElseHalt="0" RElseIgn="0" RElseJPAbend="0" RExecFlag="0" RExecute="" RRepMTimes="0" RRepOn="0" RRepWait="0" RWhen=""/>
<dynvalues>
<dyntree>
<node content="1" id="PCK.AUTOMIC_DEB.PRV.PROMPTSET.QUERY" name="PCK.AUTOMIC_DEB.PRV.PROMPTSET.QUERY" parent="PPRPTS" type="PPROMPTSET">
<PROMPTSET name="PCK.AUTOMIC_DEB.PRV.PROMPTSET.QUERY">
<PRPTBOX promptset="PCK.AUTOMIC_DEB.PRV.PROMPTSET.QUERY">
<UC4RB_FORMAT_PACKAGE_OUTPUTs.00 ReadFromTable="OPSE" altview="0" haslist="0" msginsert="" msgnr="" promptname="UC4RB_FORMAT_PACKAGE_OUTPUT#" promptsetname="PCK.AUTOMIC_DEB.PRV.PROMPTSET.QUERY"/>
<UC4RB_SEARCH_BY_NAMEs.00 ReadFromTable="OPSE" altview="0" haslist="0" msginsert="" msgnr="" promptname="UC4RB_SEARCH_BY_NAME#" promptsetname="PCK.AUTOMIC_DEB.PRV.PROMPTSET.QUERY"/>
<UC4RB_SEARCH_CRITERIAs.00 ReadFromTable="OPSE" altview="0" haslist="0" msginsert="" msgnr="" promptname="UC4RB_SEARCH_CRITERIA#" promptsetname="PCK.AUTOMIC_DEB.PRV.PROMPTSET.QUERY">list packages</UC4RB_SEARCH_CRITERIAs.00>
</PRPTBOX>
</PROMPTSET>
</node>
<node content="1" id="PCK.ITPA_SHARED.PRV.PROMPTSET.OVERWRITE_AGENT" name="PCK.ITPA_SHARED.PRV.PROMPTSET.OVERWRITE_AGENT" parent="PPRPTS" type="PPROMPTSET">
<PROMPTSET name="PCK.ITPA_SHARED.PRV.PROMPTSET.OVERWRITE_AGENT">
<PRPTBOX promptset="PCK.ITPA_SHARED.PRV.PROMPTSET.OVERWRITE_AGENT">
<AGENTs.00 ReadFromTable="OPSE" altview="0" haslist="0" msginsert="" msgnr="" promptname="AGENT#" promptsetname="PCK.ITPA_SHARED.PRV.PROMPTSET.OVERWRITE_AGENT"/>
<LOGINs.00 ReadFromTable="OPSE" altview="0" haslist="0" msginsert="" msgnr="" promptname="LOGIN#" promptsetname="PCK.ITPA_SHARED.PRV.PROMPTSET.OVERWRITE_AGENT"/>
</PRPTBOX>
</PROMPTSET>
</node>
</dyntree>
</dynvalues>
<CIT/>
<calendars CCTypeAll="0" CCTypeExt="0" CCTypeNone="0" CCTypeOne="1" CaleOn="0"/>
<postconditions>
<PostCon>
<conditions id="CONDITIONS"/>
</PostCon>
</postconditions>
</task>
<OPTIONS/>
</JobpStruct>
</JOBP>
<RUNTIME state="1">
<MaxRetCode>0</MaxRetCode>
<MrcExecute/>
<MrcElseE>0</MrcElseE>
<FcstStatus>0| |</FcstStatus>
<Ert>0</Ert>
<ErtMethodDef>1</ErtMethodDef>
<ErtMethodFix>0</ErtMethodFix>
<ErtFix>0</ErtFix>
<ErtDynMethod>2|Average</ErtDynMethod>
<ErtMethodDyn>0</ErtMethodDyn>
<ErtCnt>0</ErtCnt>
<ErtCorr>0</ErtCorr>
<ErtIgn>0</ErtIgn>
<ErtIgnFlg>0</ErtIgnFlg>
<ErtMinCnt>0</ErtMinCnt>
<MrtMethodNone>1</MrtMethodNone>
<MrtMethodFix>0</MrtMethodFix>
<MrtFix>0</MrtFix>
<MrtMethodErt>0</MrtMethodErt>
<MrtErt>0</MrtErt>
<MrtMethodDate>0</MrtMethodDate>
<MrtDays>0</MrtDays>
<MrtTime>00:00</MrtTime>
<MrtTZ/>
<SrtMethodNone>1</SrtMethodNone>
<SrtMethodFix>0</SrtMethodFix>
<SrtFix>0</SrtFix>
<SrtMethodErt>0</SrtMethodErt>
<SrtErt>0</SrtErt>
<MrtCancel>0</MrtCancel>
<MrtExecute>0</MrtExecute>
<MrtExecuteObj/>
</RUNTIME>
<DYNVALUES state="1">
<dyntree>
<node content="1" id="VALUE" name="Variables" parent="" type="VALUE">
<VALUE state="1">
<Values>
<row ERTUsage="0" Name="&amp;UC4RB_OUT_DEB_QUERY#" Value=""/>
</Values>
<Mode>0</Mode>
</VALUE>
</node>
<node content="1" id="PCK.AUTOMIC_DEB.PRV.PROMPTSET.QUERY" name="PCK.AUTOMIC_DEB.PRV.PROMPTSET.QUERY" parent="PRPTS" type="PROMPTSET">
<PROMPTSET name="PCK.AUTOMIC_DEB.PRV.PROMPTSET.QUERY" ontop="1">
<PRPTBOX promptset="PCK.AUTOMIC_DEB.PRV.PROMPTSET.QUERY" prptmode="1"/>
</PROMPTSET>
</node>
<node content="1" id="PCK.ITPA_SHARED.PRV.PROMPTSET.OVERWRITE_AGENT" name="PCK.ITPA_SHARED.PRV.PROMPTSET.OVERWRITE_AGENT" parent="PRPTS" type="PROMPTSET">
<PROMPTSET name="PCK.ITPA_SHARED.PRV.PROMPTSET.OVERWRITE_AGENT" ontop="1">
<PRPTBOX promptset="PCK.ITPA_SHARED.PRV.PROMPTSET.OVERWRITE_AGENT" prptmode="1"/>
</PROMPTSET>
</node>
</dyntree>
</DYNVALUES>
<DEPLOYMENT state="1">
<DeploymentFlag>0</DeploymentFlag>
<WFTypeA>1</WFTypeA>
<WFTypeC>0</WFTypeC>
<AppName/>
<WFName/>
<ComponentName/>
</DEPLOYMENT>
<ROLLBACK state="1">
<RollbackFlag>0</RollbackFlag>
<CBackupObj/>
<CRollbackObj/>
<FBackupPath/>
<FDeleteBefore>0</FDeleteBefore>
<FInclSubDirs>0</FInclSubDirs>
</ROLLBACK>
<SCRIPT mode="1" state="1">
<MSCRI/>
</SCRIPT>
<DOCU_Docu state="1" type="text">
<DOC><![CDATA[Queries debian packages installed on the system. This action is a wrapper around the dpkg-query tool.

The output variable stores the resultset as follows: Each line received from the dpkg-query tool is added as a separate key-value pair in the output variable.

=Samples=

* Sample 1
  * querying all packages installed (used parameters: 'Search criteria' = list packages, 'Search by name' = java*, 'Format package list output' = '$Architecture' )
  * Output:
    * ii nfs-common 1:1.1.2-6lenny1 NFS support files common to client and server
    * ii notification-daemon 0.3.7-1+b1 a daemon that displays passive pop-up notifications
    * ii openbsd-inetd 0.20080125-2 The OpenBSD Internet Superserver
    * ii openssh-client 1:5.1p1-5 secure shell client, an rlogin/rsh/rcp replacement
    * ii openssl 0.9.8g-15+lenny6 Secure Socket Layer (SSL) binary and related cryptographic too
* Sample 2
  * Query the name, version and architecture of packages matching the pattern xserver* (used parameters: 'Search criteria' = list packages 'Search by name' = jre 'Format package list output' = <leave empty> ). Implementation note: the following query is executed in the background: dpkg-query -W -f='- ()\n' xserver*
  * Output:
    * xserver-xorg-video-all-1:7.3+20 (i386)
    * xserver-xorg-video-apm-1:1.2.0-1 (i386)
    * xserver-xorg-video-ark-1:0.7.0-1 (i386)
    * xserver-xorg-video-ati-1:6.9.0-1+lenny4 (i386)
    * xserver-xorg-video-chips-1:1.2.0-1 (i386)
    * xserver-xorg-video-cirrus-1:1.2.1-1.lenny1 (i386)

=OUTPUT=

UC4RB_OUT_DEB_QUERY# Name af the temporary variable object will be created to save the result set.]]></DOC>
</DOCU_Docu>
</JOBP>
<JOBS_UNIX AttrType="UNIX" name="PCK.AUTOMIC_DEB.PRV.JOB.QUERY@UNIX">
<XHEADER state="1">
<Title/>
<ArchiveKey1/>
<ArchiveKey2/>
<Active>1</Active>
<OH_SubType/>
<CustomAttributes KeyListID="0" dataRequestID="0"/>
</XHEADER>
<OUTPUTREG state="1">
<FileReg/>
</OUTPUTREG>
<SYNCREF state="1">
<Syncs/>
</SYNCREF>
<ATTR_JOBS state="1">
<Queue>CLIENT_QUEUE</Queue>
<StartType/>
<HostDst>|&lt;UNIX&gt;|HOST</HostDst>
<HostATTR_Type>UNIX</HostATTR_Type>
<CodeName/>
<Login/>
<IntAccount/>
<ExtRepDef>1</ExtRepDef>
<ExtRepAll>0</ExtRepAll>
<ExtRepNone>0</ExtRepNone>
<AutoDeactNo>0</AutoDeactNo>
<AutoDeact1ErrorFree>0</AutoDeact1ErrorFree>
<AutoDeactErrorFree>1</AutoDeactErrorFree>
<DeactWhen>ANY_OK</DeactWhen>
<DeactDelay>0</DeactDelay>
<AutoDeactAlways>0</AutoDeactAlways>
<AttDialog>0</AttDialog>
<ActAtRun>1</ActAtRun>
<Consumption>0</Consumption>
<UC4Priority>0</UC4Priority>
<MaxParallel2>0</MaxParallel2>
<MpElse1>1</MpElse1>
<MpElse2>0</MpElse2>
<TZ/>
</ATTR_JOBS>
<ATTR_UNIX state="1">
<OutputDb>1</OutputDb>
<OutputDbErr>0</OutputDbErr>
<OutputFile>0</OutputFile>
<ShellScript>1</ShellScript>
<Command>0</Command>
<Priority>0</Priority>
<Shell>sh</Shell>
<ShellOptions/>
<Com/>
</ATTR_UNIX>
<RUNTIME state="1">
<MaxRetCode>0</MaxRetCode>
<MrcExecute/>
<MrcElseE>0</MrcElseE>
<FcstStatus>0| |</FcstStatus>
<Ert>0</Ert>
<ErtMethodDef>1</ErtMethodDef>
<ErtMethodFix>0</ErtMethodFix>
<ErtFix>0</ErtFix>
<ErtDynMethod>2|Average</ErtDynMethod>
<ErtMethodDyn>0</ErtMethodDyn>
<ErtCnt>0</ErtCnt>
<ErtCorr>0</ErtCorr>
<ErtIgn>0</ErtIgn>
<ErtIgnFlg>0</ErtIgnFlg>
<ErtMinCnt>0</ErtMinCnt>
<MrtMethodNone>1</MrtMethodNone>
<MrtMethodFix>0</MrtMethodFix>
<MrtFix>0</MrtFix>
<MrtMethodErt>0</MrtMethodErt>
<MrtErt>0</MrtErt>
<MrtMethodDate>0</MrtMethodDate>
<MrtDays>0</MrtDays>
<MrtTime>00:00</MrtTime>
<MrtTZ/>
<SrtMethodNone>1</SrtMethodNone>
<SrtMethodFix>0</SrtMethodFix>
<SrtFix>0</SrtFix>
<SrtMethodErt>0</SrtMethodErt>
<SrtErt>0</SrtErt>
<MrtCancel>0</MrtCancel>
<MrtExecute>0</MrtExecute>
<MrtExecuteObj/>
</RUNTIME>
<DYNVALUES state="1">
<dyntree>
<node content="1" id="VALUE" name="Variables" parent="" type="VALUE">
<VALUE state="1">
<Values/>
<Mode>0</Mode>
</VALUE>
</node>
</dyntree>
</DYNVALUES>
<ROLLBACK state="1">
<RollbackFlag>0</RollbackFlag>
<CBackupObj/>
<CRollbackObj/>
<FBackupPath/>
<FDeleteBefore>0</FDeleteBefore>
<FInclSubDirs>0</FInclSubDirs>
</ROLLBACK>
<PRE_SCRIPT mode="1" replacementmode="1" state="1">
<PSCRI><![CDATA[:INCLUDE PCK.ITPA_SHARED.PRV.INCLUDE.PREPARE_JOB]]></PSCRI>
</PRE_SCRIPT>
<SCRIPT mode="1" state="1">
<MSCRI><![CDATA[:set &name# = ""
:if &UC4RB_SEARCH_BY_NAME# <> ""
:  set &name# = str_cat("'", &UC4RB_SEARCH_BY_NAME#)
:  set &name# = str_cat(&name#, "'")
:endif

:set &opt# = ""
:set &format# = ""
:if &UC4RB_SEARCH_CRITERIA# = "list packages"
:  set &opt# = "-l"
:  if &UC4RB_FORMAT_PACKAGE_OUTPUT# <> ""
:    set &opt# = "-W"
:    set &format# = &UC4RB_FORMAT_PACKAGE_OUTPUT#
!Fix bug when using format option <---start
:    set &format# = str_cat("-f=","'&format#")
:    set &format# = str_cat("&format#","'")
!Fix bug when using format option --->end
:  endif
:endif

:if &UC4RB_SEARCH_CRITERIA# = "list files in a package"
:  set &opt# = "-L"
:endif

:if &UC4RB_SEARCH_CRITERIA# = "search files in packages"
:  set &opt# = "-S"
:endif

export LC_ALL=C
echo "### begin dpkg-query output ###"
dpkg-query &opt# &format# &name#
rc=$?
echo "### end dpkg-query output ###"
exit $rc]]></MSCRI>
</SCRIPT>
<OUTPUTSCAN state="1">
<Inherit>N</Inherit>
<filterobjects/>
<HostFsc/>
<LoginFsc/>
</OUTPUTSCAN>
<POST_SCRIPT mode="1" replacementmode="1" state="1">
<OSCRI><![CDATA[:SET &variableName# = "PCK.AUTOMIC_DEB.PRV.VARA.TEMP.QUERY_RESULT.&$ACTIVATOR_RUNID#.&$PHYS_DATE_YYYYMMDD#"
:SET &variablePath# = ""
:INCLUDE PCK.ITPA_SHARED.PRV.INCLUDE.CREATE_PASS_VALUES_VARIABLE
:SET &output# = 0

:SET &cnt# = 0
:SET &hnd# = PREP_PROCESS_REPORT(, , "REP", "*")
!Create output process
:SET &out_var_process# = CREATE_PROCESS(NEW)
:PROCESS &hnd#
:  SET &line# = get_process_line(&hnd#)
:  IF &line# = "### end dpkg-query output ###"
:    SET &output# = 0
:  ENDIF
:  IF &output# = 1
:    SET &cnt# = add(&cnt#, 1)
!Add new line for output process
:    SET &RET# = PUT_PROCESS_LINE(&out_var_process#, "&cnt#|||&line#", "|||")
:  ENDIF
:  IF &line# = "### begin dpkg-query output ###"
:    SET &output# = 1
:  ENDIF
:ENDPROCESS
!Export output process to temp variable
:PUT_VAR_PROCESS &variableName#, &out_var_process#
:PSET &UC4RB_OUT_DEB_QUERY# = "&variableName#"
]]></OSCRI>
</POST_SCRIPT>
<DOCU_Docu state="1" type="text">
<DOC/>
</DOCU_Docu>
</JOBS_UNIX>
<PRPT name="PCK.AUTOMIC_DEB.PRV.PROMPTSET.QUERY">
<HEADER state="1">
<Title/>
<ArchiveKey1/>
<ArchiveKey2/>
<OH_SubType/>
</HEADER>
<PROMPTDESIGNER state="1">
<DESIGNER/>
</PROMPTDESIGNER>
<PROMPTSETXUI state="1">
<XUIEDITOR><![CDATA[<dialog height="506" icon="PRPT" id="PRPTS" left="279" top="4" width="420"><readpanel fill="b" id="PRPTBOX" nl="1" scroll="v" text="Parameters"><properties><entry name="text">Parameters</entry><entry name="modifiable">0</entry></properties><combo dynamic="0" enabled="1" fill="b" focus="0" id="UC4RB_SEARCH_CRITERIAs.00" nl="1" quotes="" text="Search criteria" tooltip="The selection criteria defines which type of entities (packages, files etc..) want to query. The option &amp;UC4RB_SEARCH_BY_NAME# defines the name of the entity to look up.        list packages: list all packages in /var/lib/dpkg/status, excluding the ones marked with state purge.          search pattern: &amp;UC4RB_SEARCH_BY_NAME# defines the packages to list. If empty, all packages are listed.Normal shell wildchars are allowed in package-name-pattern. Please note you will probably have to quote package-name-pattern to prevent the shell from performing filename expansion.          custom formatting: with &amp;UC4RB_OUTPUT_FORMAT# you may define a custom formatting of your package list. If empty, the default package list formatting of dpkg is applied. (implementation note: if format not empty, the option &quot;-l&quot; is used at command line, if not, the option &quot;-W&quot; is used)      list files in a package: List files installed to your system from package-name defined by &amp;UC4RB_SEARCH_BY_NAME#. However, note that files created by package-specific installation-scripts are not listed. Custom formatting of output is not possible (value of &amp;UC4RB_OUTPUT_FORMAT#) is ignored      search files in packages: Search for a filename (=defined in &amp;UC4RB_SEARCH_BY_NAME#) from installed packages. All standard shell wildchars can be used in the pattern. This command will not list extra files created by maintainer scripts, nor will it list alternatives." alt="1" filter="0" strict="1" vtype="i"><command request="_internal" target="_view" targetaction="setAttribute" targetparam="promptname|@id"/><command owner="_self" owneraction="setsource" ownerparam="src|_dialog@src"/><command owner="_promptsetcontainer" owneraction="getData" request="getpromptcombolist" target="_self" targetaction="setlist" wait="0"/><properties><entry listparam="C" name="reference" reftype="STATIC">UC4_RV.PM_DEB.SEARCH_CRITERIA</entry><entry name="text">Search criteria</entry><entry name="quotes"/><entry name="id">UC4RB_SEARCH_CRITERIAs.00</entry><entry name="enabled">0</entry><entry name="focus">0</entry><entry name="tooltip">The selection criteria defines which type of entities (packages, files etc..) want to query. The option &amp;UC4RB_SEARCH_BY_NAME# defines the name of the entity to look up.

    list packages: list all packages in /var/lib/dpkg/status, excluding the ones marked with state purge.

        search pattern: &amp;UC4RB_SEARCH_BY_NAME# defines the packages to list. If empty, all packages are listed.Normal shell wildchars are allowed in package-name-pattern. Please note you will probably have to quote package-name-pattern to prevent the shell from performing filename expansion.

        custom formatting: with &amp;UC4RB_OUTPUT_FORMAT# you may define a custom formatting of your package list. If empty, the default package list formatting of dpkg is applied. (implementation note: if format not empty, the option &quot;-l&quot; is used at command line, if not, the option &quot;-W&quot; is used)

    list files in a package: List files installed to your system from package-name defined by &amp;UC4RB_SEARCH_BY_NAME#. However, note that files created by package-specific installation-scripts are not listed. Custom formatting of output is not possible (value of &amp;UC4RB_OUTPUT_FORMAT#) is ignored

    search files in packages: Search for a filename (=defined in &amp;UC4RB_SEARCH_BY_NAME#) from installed packages. All standard shell wildchars can be used in the pattern. This command will not list extra files created by maintainer scripts, nor will it list alternatives.</entry><entry name="dynamic">0</entry><entry name="modifiable">1</entry><entry name="initvalue"/><entry name="xmlkey"/><entry name="xmlpath"/><entry name="onchangereset"/><entry name="customfield"/><entry name="resetable">1</entry></properties></combo><text enabled="1" fill="b" focus="0" id="UC4RB_SEARCH_BY_NAMEs.00" inputassistance="0" len="" nl="1" regex="" required="0" separator=";" showaspassword="0" text="Search by name" tooltip="Defines the name of the entity to look up. The entity may be a package name/pattern or a file name. See the parameter &amp;UC4RB_SEARCH_CRITERIA# for more details." upper="0" alt="1" multiline="0" multilineIcon="0"><oninputassistant><command request="_internal" target="_view" targetaction="setAttribute" targetparam="promptname|@id"/><command request="_internal" target="_view" targetaction="setAttribute" targetparam="promptvalue|@value"/><command owner="_promptsetcontainer" owneraction="getData" request="getpromptinputassistance" target="_chainwindow"/></oninputassistant><properties><entry listparam="C" name="reference" reftype="STATIC">UC_DATATYPE_STRING</entry><entry name="text">Search by name</entry><entry name="multiselect">0</entry><entry name="separator">;</entry><entry name="len"/><entry name="quotes"/><entry name="id">UC4RB_SEARCH_BY_NAMEs.00</entry><entry name="inputassistance">0</entry><entry name="enabled">0</entry><entry name="upper">0</entry><entry name="focus">0</entry><entry name="showaspassword">0</entry><entry name="tooltip">Defines the name of the entity to look up. The entity may be a package name/pattern or a file name. See the parameter &amp;UC4RB_SEARCH_CRITERIA# for more details.</entry><entry name="modifiable">1</entry><entry name="regex"/><entry name="required">0</entry><entry name="initvalue"/><entry name="xmlkey"/><entry name="xmlpath"/><entry name="multiline">0</entry><entry name="multilineIcon">0</entry><entry name="customfield"/><entry name="onchangereset"/><entry name="resetable">1</entry></properties></text><text enabled="1" fill="b" focus="0" id="UC4RB_FORMAT_PACKAGE_OUTPUTs.00" inputassistance="0" len="" nl="1" regex="" required="0" separator=";" showaspassword="0" text="Format package list output" tooltip="Specify the format of the resulting package list. Note, that you can use this option only, if &amp;UC4RB_SEARCH_CRITERIA#=&apos;list packages&apos;. When listing files, the value of the parameter is ignored. The format is a string that will be output for each package listed. In the format string backslash \ introduces escapes:        \n newline      \r carriage return      \t tab    ?\? before any other character suppresses any special meaning of the following character, which is useful for ?\? and ?$?.    Package information can be included by inserting variable references to package fields using the syntax ?${field[;width]}?. Fields are printed right-aligned unless the width is negative in which case left alignment will be used. The following fields are recognised:    Architecture, Bugs, Conffiles, Config-Version. Conflicts, Breaks, Depends, Description, Enhances, Essential, Filename, Homepage, Installed-Size, MD5sum, MSDOS-Filename, Maintainer, Origin, Package, Pre-Depends, Priority, Provides, Recommends, Replaces, Revision, Section, Size, Source, Status, Suggests, Tag, Version    The default format string is ?${Package}\t${Version}\n?. Actually, all other fields found in the status file (i.e. user defined fields) can be requested, too. They will be printed as is, though, no conversion nor error checking is done on them." upper="0" alt="1" multiline="0" multilineIcon="0"><oninputassistant><command request="_internal" target="_view" targetaction="setAttribute" targetparam="promptname|@id"/><command request="_internal" target="_view" targetaction="setAttribute" targetparam="promptvalue|@value"/><command owner="_promptsetcontainer" owneraction="getData" request="getpromptinputassistance" target="_chainwindow"/></oninputassistant><properties><entry listparam="C" name="reference" reftype="STATIC">UC_DATATYPE_STRING</entry><entry name="text">Format package list output</entry><entry name="multiselect">0</entry><entry name="separator">;</entry><entry name="len"/><entry name="quotes"/><entry name="id">UC4RB_FORMAT_PACKAGE_OUTPUTs.00</entry><entry name="inputassistance">0</entry><entry name="enabled">0</entry><entry name="upper">0</entry><entry name="focus">0</entry><entry name="showaspassword">0</entry><entry name="tooltip">Specify the format of the resulting package list. Note, that you can use this option only, if &amp;UC4RB_SEARCH_CRITERIA#=&apos;list packages&apos;. When listing files, the value of the parameter is ignored. The format is a string that will be output for each package listed. In the format string backslash \ introduces escapes:

    \n newline

    \r carriage return

    \t tab

?\? before any other character suppresses any special meaning of the following character, which is useful for ?\? and ?$?.

Package information can be included by inserting variable references to package fields using the syntax ?${field[;width]}?. Fields are printed right-aligned unless the width is negative in which case left alignment will be used. The following fields are recognised:

Architecture, Bugs, Conffiles, Config-Version. Conflicts, Breaks, Depends, Description, Enhances, Essential, Filename, Homepage, Installed-Size, MD5sum, MSDOS-Filename, Maintainer, Origin, Package, Pre-Depends, Priority, Provides, Recommends, Replaces, Revision, Section, Size, Source, Status, Suggests, Tag, Version

The default format string is ?${Package}\t${Version}\n?. Actually, all other fields found in the status file (i.e. user defined fields) can be requested, too. They will be printed as is, though, no conversion nor error checking is done on them.</entry><entry name="modifiable">1</entry><entry name="regex"/><entry name="required">0</entry><entry name="initvalue"/><entry name="xmlkey"/><entry name="xmlpath"/><entry name="multiline">0</entry><entry name="multilineIcon">0</entry><entry name="customfield"/><entry name="onchangereset"/><entry name="resetable">1</entry></properties></text></readpanel></dialog>]]></XUIEDITOR>
</PROMPTSETXUI>
<PROMPTSETDATA state="1">
<DATAEDITOR><![CDATA[<PRPTS ontop="1"><PRPTBOX><UC4RB_SEARCH_CRITERIAs.00 haslist="0" msgnr="-1" msginsert="" altview="0" promptname="UC4RB_SEARCH_CRITERIA#" ReadFromTable="OPSE">list packages</UC4RB_SEARCH_CRITERIAs.00><UC4RB_SEARCH_BY_NAMEs.00 haslist="0" msgnr="-1" msginsert="" altview="0" promptname="UC4RB_SEARCH_BY_NAME#" ReadFromTable="OPSE"></UC4RB_SEARCH_BY_NAMEs.00><UC4RB_FORMAT_PACKAGE_OUTPUTs.00 haslist="0" msgnr="-1" msginsert="" altview="0" promptname="UC4RB_FORMAT_PACKAGE_OUTPUT#" ReadFromTable="OPSE"></UC4RB_FORMAT_PACKAGE_OUTPUTs.00></PRPTBOX></PRPTS>]]></DATAEDITOR>
</PROMPTSETDATA>
<DOCU_Docu state="1" type="text">
<DOC/>
</DOCU_Docu>
</PRPT>
<JOBP AllowExternal="1" name="PCK.AUTOMIC_DEB.PUB.ACTION.REMOVE">
<XHEADER state="1">
<Title>Remove DEB Package</Title>
<ArchiveKey1/>
<ArchiveKey2/>
<Active>1</Active>
<OH_SubType/>
<CustomAttributes KeyListID="0" dataRequestID="0"/>
</XHEADER>
<SYNCREF state="1">
<Syncs/>
</SYNCREF>
<ATTR_JOBP state="1">
<Queue>CLIENT_QUEUE</Queue>
<ChildQueue>*OWN</ChildQueue>
<StartType/>
<ExtRepDef>1</ExtRepDef>
<ExtRepAll>0</ExtRepAll>
<ExtRepNone>0</ExtRepNone>
<IntAccount/>
<AutoDeactNo>0</AutoDeactNo>
<AutoDeact1ErrorFree>0</AutoDeact1ErrorFree>
<AutoDeactErrorFree>1</AutoDeactErrorFree>
<DeactWhen>ANY_OK</DeactWhen>
<AutoDeactAlways>0</AutoDeactAlways>
<DeactDelay>0</DeactDelay>
<ActAtRun>1</ActAtRun>
<UC4Priority>0</UC4Priority>
<MaxParallel2>0</MaxParallel2>
<ReuseHG>1</ReuseHG>
<MpElse1>1</MpElse1>
<MpElse2>0</MpElse2>
<TZ/>
<RWhen/>
<RExecute/>
<JPA_SubType/>
</ATTR_JOBP>
<JOBP state="1">
<JobpStruct mode="design">
<task Alias="" BranchType="0" Col="1" Lnr="1" OType="&lt;START&gt;" Object="START" ParentAlias="" ParentObject="" Row="2" Text2="">
<checkpoint RollbackFlag="0" RunPerPatch="0" RunPerTarget="0" TcpADays="0" TcpATime="00:00" TcpATimeTZ="" TcpExecute="" TcpOn="0" promptatgen="0" showprompt="0"/>
<after ActFlg="1" AtimOn="0" ErlstStDays="0" ErlstStTime="00:00" ErlstStTimeTZ="" HoldFlg="0"/>
<when ChkWhenExec="0" LtstEnd="0" LtstEndDays="0" LtstEndTime="00:00" LtstSt="0" LtstStDays="0" LtstStTime="00:00" LtstTimeTZ="" WCTypeAND="1" WCTypeOR="0" WElseA="0" WElseH="0" WElseS="1" WElseX="0" WhenExecute="" WtimOn="0"/>
<preconditions>
<PreCon>
<conditions id="CONDITIONS"/>
</PreCon>
</preconditions>
<predecessors/>
<runtime MrtCancel="0" MrtDays="0" MrtErt="0" MrtExecute="0" MrtExecuteObj="" MrtFix="0" MrtMethodDate="0" MrtMethodErt="0" MrtMethodFix="0" MrtMethodNone="1" MrtOn="1" MrtTZ="" MrtTime="00:00" SrtErt="0" SrtFix="0" SrtMethodErt="0" SrtMethodFix="0" SrtMethodNone="1"/>
<result ChkRExec="0" RElseHalt="0" RElseIgn="0" RElseJPAbend="0" RExecFlag="0" RExecute="" RRepMTimes="0" RRepOn="0" RRepWait="0" RWhen=""/>
<dynvalues>
<dyntree>
<node content="1" id="PCK.AUTOMIC_DEB.PRV.PROMPTSET.REMOVE" name="PCK.AUTOMIC_DEB.PRV.PROMPTSET.REMOVE" parent="PPRPTS" type="PPROMPTSET">
<PROMPTSET name="PCK.AUTOMIC_DEB.PRV.PROMPTSET.REMOVE">
<PRPTBOX promptset="PCK.AUTOMIC_DEB.PRV.PROMPTSET.REMOVE">
<UC4RB_DEB_FAIL_NOT_INSTALLEDs.00 ReadFromTable="OPSE" altview="0" haslist="0" msginsert="" msgnr="" promptname="UC4RB_DEB_FAIL_NOT_INSTALLED#" promptsetname="PCK.AUTOMIC_DEB.PRV.PROMPTSET.REMOVE">NO</UC4RB_DEB_FAIL_NOT_INSTALLEDs.00>
<UC4RB_DEB_PACKAGEs.00 ReadFromTable="OPSE" altview="0" haslist="0" msginsert="" msgnr="" promptname="UC4RB_DEB_PACKAGE#" promptsetname="PCK.AUTOMIC_DEB.PRV.PROMPTSET.REMOVE"/>
<UC4RB_DEB_PURGEs.00 ReadFromTable="OPSE" altview="0" haslist="0" msginsert="" msgnr="" promptname="UC4RB_DEB_PURGE#" promptsetname="PCK.AUTOMIC_DEB.PRV.PROMPTSET.REMOVE">NO</UC4RB_DEB_PURGEs.00>
<UC4RB_SUDO_PASSWORDs.00 ReadFromTable="OPSE" altview="0" haslist="0" msginsert="" msgnr="" promptname="UC4RB_SUDO_PASSWORD#" promptsetname="PCK.AUTOMIC_DEB.PRV.PROMPTSET.REMOVE"/>
</PRPTBOX>
</PROMPTSET>
</node>
<node content="1" id="PCK.ITPA_SHARED.PRV.PROMPTSET.OVERWRITE_AGENT" name="PCK.ITPA_SHARED.PRV.PROMPTSET.OVERWRITE_AGENT" parent="PPRPTS" type="PPROMPTSET">
<PROMPTSET name="PCK.ITPA_SHARED.PRV.PROMPTSET.OVERWRITE_AGENT">
<PRPTBOX promptset="PCK.ITPA_SHARED.PRV.PROMPTSET.OVERWRITE_AGENT">
<AGENTs.00 ReadFromTable="OPSE" altview="0" haslist="0" msginsert="" msgnr="" promptname="AGENT#" promptsetname="PCK.ITPA_SHARED.PRV.PROMPTSET.OVERWRITE_AGENT"/>
<LOGINs.00 ReadFromTable="OPSE" altview="0" haslist="0" msginsert="" msgnr="" promptname="LOGIN#" promptsetname="PCK.ITPA_SHARED.PRV.PROMPTSET.OVERWRITE_AGENT"/>
</PRPTBOX>
</PROMPTSET>
</node>
</dyntree>
</dynvalues>
<CIT/>
<calendars CCTypeAll="0" CCTypeExt="0" CCTypeNone="0" CCTypeOne="1" CaleOn="0"/>
<postconditions>
<PostCon>
<conditions id="CONDITIONS"/>
</PostCon>
</postconditions>
</task>
<task Alias="" BranchType="0" Col="2" Lnr="2" OType="JOBS" Object="PCK.AUTOMIC_DEB.PRV.JOB.REMOVE@UNIX" ParentAlias="" ParentObject="" Row="2" Text2="">
<checkpoint RollbackFlag="1" RunPerPatch="0" RunPerTarget="0" TcpADays="0" TcpATime="00:00" TcpATimeTZ="" TcpExecute="" TcpOn="0" promptatgen="0" showprompt="0"/>
<after ActFlg="1" AtimOn="0" ErlstStDays="0" ErlstStTime="00:00" ErlstStTimeTZ="" HoldFlg="0"/>
<when ChkWhenExec="0" LtstEnd="0" LtstEndDays="0" LtstEndTime="00:00" LtstSt="0" LtstStDays="0" LtstStTime="00:00" LtstTimeTZ="" WCTypeAND="1" WCTypeOR="0" WElseA="1" WElseH="0" WElseS="0" WElseX="0" WhenExecute="" WtimOn="0"/>
<preconditions>
<PreCon>
<conditions id="CONDITIONS"/>
</PreCon>
</preconditions>
<predecessors>
<pre BranchType="0" Lnr="1" PreLnr="1" When="ANY_OK" type="container"/>
</predecessors>
<runtime MrtCancel="0" MrtDays="0" MrtErt="0" MrtExecute="0" MrtExecuteObj="" MrtFix="0" MrtMethodDate="0" MrtMethodErt="0" MrtMethodFix="0" MrtMethodNone="1" MrtOn="1" MrtTZ="" MrtTime="00:00" SrtErt="0" SrtFix="0" SrtMethodErt="0" SrtMethodFix="0" SrtMethodNone="1"/>
<result ChkRExec="0" RElseHalt="0" RElseIgn="0" RElseJPAbend="0" RExecFlag="0" RExecute="" RRepMTimes="0" RRepOn="0" RRepWait="0" RWhen=""/>
<dynvalues>
<dyntree>
<node content="1" id="VALUE" name="Variables" parent="" type="TASKVALUE">
<VALUE state="2">
<Values/>
<Mode>0</Mode>
</VALUE>
</node>
<node content="1" id="PVALUE" name="Parent Variables" parent="" type="TASKVALUE">
<VALUE state="2">
<Values/>
<Mode>0</Mode>
</VALUE>
</node>
<node content="1" id="PRPTS" name="PromptSets" parent="" pref="1" type="PROMPTSET"/>
<node content="0" id="PPRPTS" name="Parent PromptSets" parent="" type="PPROMPTSET"/>
<node content="1" id="PCK.AUTOMIC_DEB.PRV.PROMPTSET.REMOVE" name="PCK.AUTOMIC_DEB.PRV.PROMPTSET.REMOVE" parent="PPRPTS" type="PPROMPTSET">
<PROMPTSET name="PCK.AUTOMIC_DEB.PRV.PROMPTSET.REMOVE">
<PRPTBOX promptset="PCK.AUTOMIC_DEB.PRV.PROMPTSET.REMOVE">
<UC4RB_DEB_FAIL_NOT_INSTALLEDs.00 ReadFromTable="OPSE" altview="0" haslist="0" msginsert="" msgnr="" promptname="UC4RB_DEB_FAIL_NOT_INSTALLED#" promptsetname="PCK.AUTOMIC_DEB.PRV.PROMPTSET.REMOVE">NO</UC4RB_DEB_FAIL_NOT_INSTALLEDs.00>
<UC4RB_DEB_PACKAGEs.00 ReadFromTable="OPSE" altview="0" haslist="0" msginsert="" msgnr="" promptname="UC4RB_DEB_PACKAGE#" promptsetname="PCK.AUTOMIC_DEB.PRV.PROMPTSET.REMOVE"/>
<UC4RB_DEB_PURGEs.00 ReadFromTable="OPSE" altview="0" haslist="0" msginsert="" msgnr="" promptname="UC4RB_DEB_PURGE#" promptsetname="PCK.AUTOMIC_DEB.PRV.PROMPTSET.REMOVE">NO</UC4RB_DEB_PURGEs.00>
<UC4RB_SUDO_PASSWORDs.00 ReadFromTable="OPSE" altview="0" haslist="0" msginsert="" msgnr="" promptname="UC4RB_SUDO_PASSWORD#" promptsetname="PCK.AUTOMIC_DEB.PRV.PROMPTSET.REMOVE"/>
</PRPTBOX>
</PROMPTSET>
</node>
<node content="1" id="PCK.ITPA_SHARED.PRV.PROMPTSET.OVERWRITE_AGENT" name="PCK.ITPA_SHARED.PRV.PROMPTSET.OVERWRITE_AGENT" parent="PPRPTS" type="PPROMPTSET">
<PROMPTSET name="PCK.ITPA_SHARED.PRV.PROMPTSET.OVERWRITE_AGENT">
<PRPTBOX promptset="PCK.ITPA_SHARED.PRV.PROMPTSET.OVERWRITE_AGENT">
<AGENTs.00 ReadFromTable="OPSE" altview="0" haslist="0" msginsert="" msgnr="" promptname="AGENT#" promptsetname="PCK.ITPA_SHARED.PRV.PROMPTSET.OVERWRITE_AGENT"/>
<LOGINs.00 ReadFromTable="OPSE" altview="0" haslist="0" msginsert="" msgnr="" promptname="LOGIN#" promptsetname="PCK.ITPA_SHARED.PRV.PROMPTSET.OVERWRITE_AGENT"/>
</PRPTBOX>
</PROMPTSET>
</node>
</dyntree>
</dynvalues>
<CIT/>
<calendars CCTypeAll="0" CCTypeExt="0" CCTypeNone="0" CCTypeOne="1" CaleOn="0"/>
<postconditions>
<PostCon>
<conditions id="CONDITIONS"/>
</PostCon>
</postconditions>
</task>
<task Alias="" BranchType="0" Col="3" Lnr="3" OType="&lt;END&gt;" Object="END" ParentAlias="" ParentObject="" Row="2" Text2="">
<checkpoint RollbackFlag="0" RunPerPatch="0" RunPerTarget="0" TcpADays="0" TcpATime="00:00" TcpATimeTZ="" TcpExecute="" TcpOn="0" promptatgen="0" showprompt="0"/>
<after ActFlg="1" AtimOn="0" ErlstStDays="0" ErlstStTime="00:00" ErlstStTimeTZ="" HoldFlg="0"/>
<when ChkWhenExec="0" LtstEnd="0" LtstEndDays="0" LtstEndTime="00:00" LtstSt="0" LtstStDays="0" LtstStTime="00:00" LtstTimeTZ="" WCTypeAND="1" WCTypeOR="0" WElseA="1" WElseH="0" WElseS="0" WElseX="0" WhenExecute="" WtimOn="0"/>
<preconditions>
<PreCon>
<conditions id="CONDITIONS"/>
</PreCon>
</preconditions>
<predecessors>
<pre BranchType="0" Lnr="1" PreLnr="2" When="ANY_OK" type="container"/>
</predecessors>
<runtime MrtCancel="0" MrtDays="0" MrtErt="0" MrtExecute="0" MrtExecuteObj="" MrtFix="0" MrtMethodDate="0" MrtMethodErt="0" MrtMethodFix="0" MrtMethodNone="1" MrtOn="1" MrtTZ="" MrtTime="00:00" SrtErt="0" SrtFix="0" SrtMethodErt="0" SrtMethodFix="0" SrtMethodNone="1"/>
<result ChkRExec="0" RElseHalt="0" RElseIgn="0" RElseJPAbend="0" RExecFlag="0" RExecute="" RRepMTimes="0" RRepOn="0" RRepWait="0" RWhen=""/>
<dynvalues>
<dyntree>
<node content="1" id="PCK.AUTOMIC_DEB.PRV.PROMPTSET.REMOVE" name="PCK.AUTOMIC_DEB.PRV.PROMPTSET.REMOVE" parent="PPRPTS" type="PPROMPTSET">
<PROMPTSET name="PCK.AUTOMIC_DEB.PRV.PROMPTSET.REMOVE">
<PRPTBOX promptset="PCK.AUTOMIC_DEB.PRV.PROMPTSET.REMOVE">
<UC4RB_DEB_FAIL_NOT_INSTALLEDs.00 ReadFromTable="OPSE" altview="0" haslist="0" msginsert="" msgnr="" promptname="UC4RB_DEB_FAIL_NOT_INSTALLED#" promptsetname="PCK.AUTOMIC_DEB.PRV.PROMPTSET.REMOVE">NO</UC4RB_DEB_FAIL_NOT_INSTALLEDs.00>
<UC4RB_DEB_PACKAGEs.00 ReadFromTable="OPSE" altview="0" haslist="0" msginsert="" msgnr="" promptname="UC4RB_DEB_PACKAGE#" promptsetname="PCK.AUTOMIC_DEB.PRV.PROMPTSET.REMOVE"/>
<UC4RB_DEB_PURGEs.00 ReadFromTable="OPSE" altview="0" haslist="0" msginsert="" msgnr="" promptname="UC4RB_DEB_PURGE#" promptsetname="PCK.AUTOMIC_DEB.PRV.PROMPTSET.REMOVE">NO</UC4RB_DEB_PURGEs.00>
<UC4RB_SUDO_PASSWORDs.00 ReadFromTable="OPSE" altview="0" haslist="0" msginsert="" msgnr="" promptname="UC4RB_SUDO_PASSWORD#" promptsetname="PCK.AUTOMIC_DEB.PRV.PROMPTSET.REMOVE"/>
</PRPTBOX>
</PROMPTSET>
</node>
<node content="1" id="PCK.ITPA_SHARED.PRV.PROMPTSET.OVERWRITE_AGENT" name="PCK.ITPA_SHARED.PRV.PROMPTSET.OVERWRITE_AGENT" parent="PPRPTS" type="PPROMPTSET">
<PROMPTSET name="PCK.ITPA_SHARED.PRV.PROMPTSET.OVERWRITE_AGENT">
<PRPTBOX promptset="PCK.ITPA_SHARED.PRV.PROMPTSET.OVERWRITE_AGENT">
<AGENTs.00 ReadFromTable="OPSE" altview="0" haslist="0" msginsert="" msgnr="" promptname="AGENT#" promptsetname="PCK.ITPA_SHARED.PRV.PROMPTSET.OVERWRITE_AGENT"/>
<LOGINs.00 ReadFromTable="OPSE" altview="0" haslist="0" msginsert="" msgnr="" promptname="LOGIN#" promptsetname="PCK.ITPA_SHARED.PRV.PROMPTSET.OVERWRITE_AGENT"/>
</PRPTBOX>
</PROMPTSET>
</node>
</dyntree>
</dynvalues>
<CIT/>
<calendars CCTypeAll="0" CCTypeExt="0" CCTypeNone="0" CCTypeOne="1" CaleOn="0"/>
<postconditions>
<PostCon>
<conditions id="CONDITIONS"/>
</PostCon>
</postconditions>
</task>
<OPTIONS/>
</JobpStruct>
</JOBP>
<RUNTIME state="1">
<MaxRetCode>0</MaxRetCode>
<MrcExecute/>
<MrcElseE>0</MrcElseE>
<FcstStatus>0| |</FcstStatus>
<Ert>0</Ert>
<ErtMethodDef>1</ErtMethodDef>
<ErtMethodFix>0</ErtMethodFix>
<ErtFix>0</ErtFix>
<ErtDynMethod>2|Average</ErtDynMethod>
<ErtMethodDyn>0</ErtMethodDyn>
<ErtCnt>0</ErtCnt>
<ErtCorr>0</ErtCorr>
<ErtIgn>0</ErtIgn>
<ErtIgnFlg>0</ErtIgnFlg>
<ErtMinCnt>0</ErtMinCnt>
<MrtMethodNone>1</MrtMethodNone>
<MrtMethodFix>0</MrtMethodFix>
<MrtFix>0</MrtFix>
<MrtMethodErt>0</MrtMethodErt>
<MrtErt>0</MrtErt>
<MrtMethodDate>0</MrtMethodDate>
<MrtDays>0</MrtDays>
<MrtTime>00:00</MrtTime>
<MrtTZ/>
<SrtMethodNone>1</SrtMethodNone>
<SrtMethodFix>0</SrtMethodFix>
<SrtFix>0</SrtFix>
<SrtMethodErt>0</SrtMethodErt>
<SrtErt>0</SrtErt>
<MrtCancel>0</MrtCancel>
<MrtExecute>0</MrtExecute>
<MrtExecuteObj/>
</RUNTIME>
<DYNVALUES state="1">
<dyntree>
<node content="1" id="VALUE" name="Variables" parent="" type="VALUE">
<VALUE state="1">
<Values/>
<Mode>0</Mode>
</VALUE>
</node>
<node content="1" id="PCK.AUTOMIC_DEB.PRV.PROMPTSET.REMOVE" name="PCK.AUTOMIC_DEB.PRV.PROMPTSET.REMOVE" parent="PRPTS" type="PROMPTSET">
<PROMPTSET name="PCK.AUTOMIC_DEB.PRV.PROMPTSET.REMOVE" ontop="1">
<PRPTBOX promptset="PCK.AUTOMIC_DEB.PRV.PROMPTSET.REMOVE" prptmode="1"/>
</PROMPTSET>
</node>
<node content="1" id="PCK.ITPA_SHARED.PRV.PROMPTSET.OVERWRITE_AGENT" name="PCK.ITPA_SHARED.PRV.PROMPTSET.OVERWRITE_AGENT" parent="PRPTS" type="PROMPTSET">
<PROMPTSET name="PCK.ITPA_SHARED.PRV.PROMPTSET.OVERWRITE_AGENT" ontop="1">
<PRPTBOX promptset="PCK.ITPA_SHARED.PRV.PROMPTSET.OVERWRITE_AGENT" prptmode="1"/>
</PROMPTSET>
</node>
</dyntree>
</DYNVALUES>
<DEPLOYMENT state="1">
<DeploymentFlag>0</DeploymentFlag>
<WFTypeA>1</WFTypeA>
<WFTypeC>0</WFTypeC>
<AppName/>
<WFName/>
<ComponentName/>
</DEPLOYMENT>
<ROLLBACK state="1">
<RollbackFlag>0</RollbackFlag>
<CBackupObj/>
<CRollbackObj/>
<FBackupPath/>
<FDeleteBefore>0</FDeleteBefore>
<FInclSubDirs>0</FInclSubDirs>
</ROLLBACK>
<SCRIPT mode="1" state="1">
<MSCRI/>
</SCRIPT>
<DOCU_Docu state="1" type="text">
<DOC><![CDATA[Removes a debian package. This action is a wrapper around the dpkg-tool.

]]></DOC>
</DOCU_Docu>
</JOBP>
<JOBS_UNIX AttrType="UNIX" name="PCK.AUTOMIC_DEB.PRV.JOB.REMOVE@UNIX">
<XHEADER state="1">
<Title/>
<ArchiveKey1/>
<ArchiveKey2/>
<Active>1</Active>
<OH_SubType/>
<CustomAttributes KeyListID="0" dataRequestID="0"/>
</XHEADER>
<OUTPUTREG state="1">
<FileReg/>
</OUTPUTREG>
<SYNCREF state="1">
<Syncs/>
</SYNCREF>
<ATTR_JOBS state="1">
<Queue>CLIENT_QUEUE</Queue>
<StartType/>
<HostDst>|&lt;UNIX&gt;|HOST</HostDst>
<HostATTR_Type>UNIX</HostATTR_Type>
<CodeName/>
<Login/>
<IntAccount/>
<ExtRepDef>1</ExtRepDef>
<ExtRepAll>0</ExtRepAll>
<ExtRepNone>0</ExtRepNone>
<AutoDeactNo>0</AutoDeactNo>
<AutoDeact1ErrorFree>0</AutoDeact1ErrorFree>
<AutoDeactErrorFree>1</AutoDeactErrorFree>
<DeactWhen>ANY_OK</DeactWhen>
<DeactDelay>0</DeactDelay>
<AutoDeactAlways>0</AutoDeactAlways>
<AttDialog>0</AttDialog>
<ActAtRun>1</ActAtRun>
<Consumption>0</Consumption>
<UC4Priority>0</UC4Priority>
<MaxParallel2>0</MaxParallel2>
<MpElse1>1</MpElse1>
<MpElse2>0</MpElse2>
<TZ/>
</ATTR_JOBS>
<ATTR_UNIX state="1">
<OutputDb>1</OutputDb>
<OutputDbErr>0</OutputDbErr>
<OutputFile>0</OutputFile>
<ShellScript>1</ShellScript>
<Command>0</Command>
<Priority>0</Priority>
<Shell>sh</Shell>
<ShellOptions/>
<Com/>
</ATTR_UNIX>
<RUNTIME state="1">
<MaxRetCode>0</MaxRetCode>
<MrcExecute/>
<MrcElseE>0</MrcElseE>
<FcstStatus>0| |</FcstStatus>
<Ert>0</Ert>
<ErtMethodDef>1</ErtMethodDef>
<ErtMethodFix>0</ErtMethodFix>
<ErtFix>0</ErtFix>
<ErtDynMethod>2|Average</ErtDynMethod>
<ErtMethodDyn>0</ErtMethodDyn>
<ErtCnt>0</ErtCnt>
<ErtCorr>0</ErtCorr>
<ErtIgn>0</ErtIgn>
<ErtIgnFlg>0</ErtIgnFlg>
<ErtMinCnt>0</ErtMinCnt>
<MrtMethodNone>1</MrtMethodNone>
<MrtMethodFix>0</MrtMethodFix>
<MrtFix>0</MrtFix>
<MrtMethodErt>0</MrtMethodErt>
<MrtErt>0</MrtErt>
<MrtMethodDate>0</MrtMethodDate>
<MrtDays>0</MrtDays>
<MrtTime>00:00</MrtTime>
<MrtTZ/>
<SrtMethodNone>1</SrtMethodNone>
<SrtMethodFix>0</SrtMethodFix>
<SrtFix>0</SrtFix>
<SrtMethodErt>0</SrtMethodErt>
<SrtErt>0</SrtErt>
<MrtCancel>0</MrtCancel>
<MrtExecute>0</MrtExecute>
<MrtExecuteObj/>
</RUNTIME>
<DYNVALUES state="1">
<dyntree>
<node content="1" id="VALUE" name="Variables" parent="" type="VALUE">
<VALUE state="1">
<Values/>
<Mode>0</Mode>
</VALUE>
</node>
</dyntree>
</DYNVALUES>
<ROLLBACK state="1">
<RollbackFlag>0</RollbackFlag>
<CBackupObj/>
<CRollbackObj/>
<FBackupPath/>
<FDeleteBefore>0</FDeleteBefore>
<FInclSubDirs>0</FInclSubDirs>
</ROLLBACK>
<PRE_SCRIPT mode="1" replacementmode="1" state="1">
<PSCRI><![CDATA[:INCLUDE PCK.ITPA_SHARED.PRV.INCLUDE.PREPARE_JOB]]></PSCRI>
</PRE_SCRIPT>
<SCRIPT mode="1" state="1">
<MSCRI><![CDATA[:INCLUDE PCK.ITPA_SHARED.PUB.INCLUDE.ATTACH
:INCLUDE PCK.ITPA_SHARED.PRV.INCLUDE.SUDO_EXECUTION

export LC_ALL=C

:if &UC4RB_DEB_FAIL_NOT_INSTALLED# = "YES"
  dpkg -s &UC4RB_DEB_PACKAGE# | grep "Status:.*\binstalled\b" || exit 1
:endif

:if &UC4RB_DEB_PURGE# = "YES"
:  set &opt# = "-P"
:else
:  set &opt# = "-r"
:endif

dpkg &opt# &UC4RB_DEB_PACKAGE# || exit 2]]></MSCRI>
</SCRIPT>
<OUTPUTSCAN state="1">
<Inherit>N</Inherit>
<filterobjects/>
<HostFsc/>
<LoginFsc/>
</OUTPUTSCAN>
<POST_SCRIPT mode="1" replacementmode="1" state="1">
<OSCRI/>
</POST_SCRIPT>
<DOCU_Docu state="1" type="text">
<DOC/>
</DOCU_Docu>
</JOBS_UNIX>
<PRPT name="PCK.AUTOMIC_DEB.PRV.PROMPTSET.REMOVE">
<HEADER state="1">
<Title/>
<ArchiveKey1/>
<ArchiveKey2/>
<OH_SubType/>
</HEADER>
<PROMPTDESIGNER state="1">
<DESIGNER/>
</PROMPTDESIGNER>
<PROMPTSETXUI state="1">
<XUIEDITOR><![CDATA[<dialog height="506" icon="PRPT" id="PRPTS" left="279" top="4" width="420"><readpanel fill="b" id="PRPTBOX" nl="1" scroll="v" text="Parameters"><properties><entry name="text">Parameters</entry><entry name="modifiable">0</entry></properties><text enabled="1" fill="b" focus="0" id="UC4RB_DEB_PACKAGEs.00" inputassistance="0" len="" nl="1" regex="" separator=";" showaspassword="0" text="DEB package" tooltip="Name of the deb package to remove. remove everything except configuration files. This may avoid having to reconfigure the package if it is reinstalled later." upper="0" required="0" alt="1" multiline="0" multilineIcon="0"><oninputassistant><command request="_internal" target="_view" targetaction="setAttribute" targetparam="promptname|@id"/><command request="_internal" target="_view" targetaction="setAttribute" targetparam="promptvalue|@value"/><command owner="_promptsetcontainer" owneraction="getData" request="getpromptinputassistance" target="_chainwindow"/></oninputassistant><properties><entry listparam="C" name="reference" reftype="STATIC">UC_DATATYPE_STRING</entry><entry name="text">DEB package</entry><entry name="multiselect">0</entry><entry name="separator">;</entry><entry name="len"/><entry name="quotes"/><entry name="id">UC4RB_DEB_PACKAGEs.00</entry><entry name="inputassistance">0</entry><entry name="enabled">0</entry><entry name="upper">0</entry><entry name="focus">0</entry><entry name="showaspassword">0</entry><entry name="tooltip">Name of the deb package to remove. remove everything except configuration files. This may avoid having to reconfigure the package if it is reinstalled later.</entry><entry name="customfield"/><entry name="modifiable">1</entry><entry name="regex"/><entry name="required">1</entry><entry name="initvalue"/><entry name="xmlkey"/><entry name="xmlpath"/><entry name="multiline">0</entry><entry name="multilineIcon">0</entry><entry name="onchangereset"/><entry name="resetable">1</entry></properties></text><dynradiogroup enabled="1" fill="b" focus="0" id="UC4RB_DEB_FAIL_NOT_INSTALLEDs.00" nl="1" quotes="" text="Fail if not installed" tooltip="Fails, if the package which should be removed is not installed." alt="1" required="0"><properties><entry listparam="C" name="reference" reftype="STATIC">PCK.ITPA_SHARED.PRV.VARA.YES_NO</entry><entry name="text">Fail if not installed</entry><entry name="quotes"/><entry name="id">UC4RB_DEB_FAIL_NOT_INSTALLEDs.00</entry><entry name="enabled">0</entry><entry name="focus">0</entry><entry name="tooltip">Fails, if the package which should be removed is not installed.</entry><entry name="customfield"/><entry name="modifiable">1</entry><entry name="initvalue"/><entry name="xmlkey"/><entry name="xmlpath"/></properties></dynradiogroup><dynradiogroup enabled="1" fill="b" focus="0" id="UC4RB_DEB_PURGEs.00" nl="1" quotes="" text="Purge" tooltip="Purge: removes everything, including configuration files." alt="1" required="0"><properties><entry listparam="C" name="reference" reftype="STATIC">PCK.ITPA_SHARED.PRV.VARA.YES_NO</entry><entry name="text">Purge</entry><entry name="quotes"/><entry name="id">UC4RB_DEB_PURGEs.00</entry><entry name="enabled">0</entry><entry name="focus">0</entry><entry name="tooltip">Purge: removes everything, including configuration files.</entry><entry name="customfield"/><entry name="modifiable">1</entry><entry name="initvalue"/><entry name="xmlkey"/><entry name="xmlpath"/></properties></dynradiogroup><text enabled="1" fill="b" focus="0" id="UC4RB_SUDO_PASSWORDs.00" inputassistance="0" len="" nl="1" regex="" required="0" separator=";" showaspassword="1" text="Sudo password" tooltip="Sudo password." upper="0" alt="1" multiline="0" multilineIcon="0"><oninputassistant><command request="_internal" target="_view" targetaction="setAttribute" targetparam="promptname|@id"/><command request="_internal" target="_view" targetaction="setAttribute" targetparam="promptvalue|@value"/><command owner="_promptsetcontainer" owneraction="getData" request="getpromptinputassistance" target="_chainwindow"/></oninputassistant><properties><entry listparam="C" name="reference" reftype="STATIC">UC_DATATYPE_STRING</entry><entry name="text">Sudo password</entry><entry name="multiselect">0</entry><entry name="separator">;</entry><entry name="len"/><entry name="quotes"/><entry name="id">UC4RB_SUDO_PASSWORDs.00</entry><entry name="inputassistance">0</entry><entry name="enabled">0</entry><entry name="upper">0</entry><entry name="focus">0</entry><entry name="showaspassword">1</entry><entry name="tooltip">Sudo password.</entry><entry name="customfield"/><entry name="modifiable">1</entry><entry name="regex"/><entry name="required">0</entry><entry name="initvalue"/><entry name="xmlkey"/><entry name="xmlpath"/><entry name="multiline">0</entry><entry name="multilineIcon">0</entry><entry name="onchangereset"/><entry name="resetable">1</entry></properties></text></readpanel></dialog>]]></XUIEDITOR>
</PROMPTSETXUI>
<PROMPTSETDATA state="1">
<DATAEDITOR><![CDATA[<PRPTS ontop="1"><PRPTBOX><UC4RB_DEB_PACKAGEs.00 haslist="0" msgnr="-1" msginsert="" altview="0" promptname="UC4RB_DEB_PACKAGE#" ReadFromTable="OPSE"></UC4RB_DEB_PACKAGEs.00><UC4RB_DEB_FAIL_NOT_INSTALLEDs.00 haslist="0" msgnr="-1" msginsert="" altview="0" promptname="UC4RB_DEB_FAIL_NOT_INSTALLED#" ReadFromTable="OPSE">NO</UC4RB_DEB_FAIL_NOT_INSTALLEDs.00><UC4RB_DEB_PURGEs.00 haslist="0" msgnr="-1" msginsert="" altview="0" promptname="UC4RB_DEB_PURGE#" ReadFromTable="OPSE">NO</UC4RB_DEB_PURGEs.00><UC4RB_SUDO_PASSWORDs.00 haslist="0" msgnr="-1" msginsert="" altview="0" promptname="UC4RB_SUDO_PASSWORD#" ReadFromTable="OPSE"></UC4RB_SUDO_PASSWORDs.00></PRPTBOX></PRPTS>]]></DATAEDITOR>
</PROMPTSETDATA>
<DOCU_Docu state="1" type="text">
<DOC/>
</DOCU_Docu>
</PRPT>
<VARA OVD_VRName="FREI" data_type="STATIC" name="UC4_RV.PM_DEB.SEARCH_CRITERIA" replacementmode="2">
<HEADER state="1">
<Title/>
<ArchiveKey1/>
<ArchiveKey2/>
<OH_SubType>STATIC</OH_SubType>
</HEADER>
<ATTR_VARA state="1">
<Type>C|Text</Type>
<lblSource>Static</lblSource>
<source>STATIC</source>
<VRName>FREI|Freely selected</VRName>
<NotFoundErr>0</NotFoundErr>
<NotFoundDef>1</NotFoundDef>
<ShareN>0</ShareN>
<ShareL>0</ShareL>
<ShareR>0</ShareR>
<MaxValue_C>1024</MaxValue_C>
<CheckMax_C>0</CheckMax_C>
<uppercase>0</uppercase>
<sortColumn>0</sortColumn>
<sortDirection>0</sortDirection>
</ATTR_VARA>
<VARA state="1">
<Variables>
<row Name="list files in a package" Value="list files in a package" Value1="" Value2="" Value3="" Value4=""/>
<row Name="list packages" Value="list packages" Value1="" Value2="" Value3="" Value4=""/>
<row Name="search files in packages" Value="search files in packages" Value1="" Value2="" Value3="" Value4=""/>
</Variables>
</VARA>
<DOCU_Docu state="1" type="text">
<DOC/>
</DOCU_Docu>
</VARA>
</uc-export>
